kata,dilindungi,kata_dasar
aceh,TRUE,aceh
adhb,TRUE,adhb
administrasi,FALSE,administrasi
agen,FALSE,agen
akomodasi,FALSE,akomodasi
akses,FALSE,akses
aktivitas,FALSE,aktivitas
alam,FALSE,alam
alas,FALSE,alas
alat,FALSE,alat
aluminium,FALSE,aluminium
ambon,TRUE,ambon
amerika,TRUE,amerika
ampas,FALSE,ampas
anak,FALSE,anak
andil,FALSE,andil
anggota,FALSE,anggota
angka,FALSE,angka
angkanya,FALSE,angka
angkatan,FALSE,angkat
angkutan,FALSE,angkut
anti,FALSE,anti
antikorupsi,FALSE,antikorupsi
anyaman,FALSE,anyam
apresiasi,FALSE,apresiasi
arab,TRUE,arab
armina,FALSE,armina
armuzna,FALSE,armuzna
asean,TRUE,asean
asing,FALSE,asing
aspal,FALSE,aspal
aspek,FALSE,aspek
assesoriesnya,FALSE,assesoriesnya
asuransi,FALSE,asuransi
atap,FALSE,atap
australia,TRUE,australia
ayam,FALSE,ayam
badan,FALSE,badan
bagiannya,FALSE,bagi
bahan,FALSE,bahan
baik,FALSE,baik
baja,FALSE,baja
bakar,FALSE,bakar
baku,FALSE,baku
balas,FALSE,balas
bali,TRUE,bali
balok,FALSE,balok
bambu,FALSE,bambu
bandar,FALSE,bandar
bandara,FALSE,bandara
bangka,TRUE,bangka
bangunan,FALSE,bangun
bank,FALSE,bank
banten,TRUE,banten
banyuwangi,TRUE,banyuwangi
bara,FALSE,bara
barang,FALSE,barang
barat,FALSE,barat
bata,FALSE,bata
batako,FALSE,batako
batam,TRUE,batam
batu,FALSE,batu
baubau,TRUE,baubau
baut,FALSE,baut
bawang,FALSE,bawang
bayi,FALSE,bayi
bekasi,TRUE,bekasi
beku,FALSE,beku
beli,FALSE,beli
belitung,TRUE,belitung
benda,FALSE,benda
bengkulu,TRUE,bengkulu
bensin,FALSE,bensin
bentuk,FALSE,bentuk
berangkat,FALSE,berangkat
beras,FALSE,beras
berasal,FALSE,asal
berbeda,FALSE,beda
berbintang,FALSE,bintang
berdasarkan,FALSE,dasar
berjalan,FALSE,jalan
berkunjung,FALSE,kunjung
berkurang,FALSE,kurang
berlaku,FALSE,berlaku
berongga,FALSE,rongga
berpendidikan,FALSE,berpendidikan
berpengaruh,FALSE,pengaruh
berperilaku,FALSE,berperilaku
bertambah,FALSE,tambah
berubah,FALSE,ubah
berusia,FALSE,usia
besar,FALSE,besar
besaran,FALSE,besaran
besarnya,FALSE,besar
besi,FALSE,besi
beton,FALSE,beton
biaya,FALSE,biaya
biji,FALSE,biji
bijih,FALSE,bijih
bintang,FALSE,bintang
bisnis,FALSE,bisnis
bruto,FALSE,bruto
buah,FALSE,buah
buahan,FALSE,buah
bubuk,FALSE,bubuk
budaya,FALSE,budaya
bukittinggi,TRUE,bukittinggi
buruh,FALSE,buruh
cabai,FALSE,cabai
cabe,FALSE,cabe
capaian,FALSE,capai
cenderung,FALSE,cenderung
cetak,FALSE,cetak
covid,TRUE,covid
cumulative,FALSE,cumulative
daerah,FALSE,daerah
daging,FALSE,daging
danau,FALSE,danau
daripadanya,FALSE,daripada
dasar,FALSE,dasar
data,FALSE,data
datanya,FALSE,data
date,FALSE,date
daya,FALSE,daya
december,FALSE,december
defisit,FALSE,defisit
deflasi,FALSE,deflasi
demokrasi,FALSE,demokrasi
depok,TRUE,depok
desa,FALSE,desa
diangkut,FALSE,angkut
dibandingtpk,FALSE,dibandingtpk
dibayar,FALSE,bayar
diberangkatkan,FALSE,berangkat
dicapai,FALSE,capai
didominasi,FALSE,dominasi
didorong,FALSE,dorong
digital,FALSE,digital
diikut,FALSE,ikut
diikuti,FALSE,ikut
dikelompokkan,FALSE,kelompok
dikombinasikan,FALSE,kombinasi
dikonsumsi,FALSE,konsumsi
dikonversikan,FALSE,konversi
dimana,FALSE,mana
dimensi,FALSE,dimensi
diminati,FALSE,minat
dipengaruhi,FALSE,pengaruh
diperoleh,TRUE,diperoleh
diploma,FALSE,diploma
diprediksi,FALSE,prediksi
dirinci,FALSE,dirinci
discussion,FALSE,discussion
disebabkan,FALSE,sebab
disesuaikan,FALSE,disesuaikan
distribusi,FALSE,distribusi
distributor,FALSE,distributor
disusul,FALSE,susul
disusun,FALSE,susun
ditempat,FALSE,tempat
ditempati,FALSE,tempat
diterima,FALSE,terima
diukur,FALSE,ukur
dokumen,FALSE,dokumen
domestik,FALSE,domestik
dominan,FALSE,dominan
drastis,FALSE,drastis
dunia,FALSE,dunia
eceran,FALSE,ecer
efek,FALSE,efek
ekonomi,FALSE,ekonomi
ekspor,FALSE,ekspor
elektrik,FALSE,elektrik
elektronik,FALSE,elektronik
elektronika,FALSE,elektronika
enam,FALSE,enam
eropa,TRUE,eropa
estat,FALSE,estat
euro,FALSE,euro
farmasi,FALSE,farmasi
filter,FALSE,filter
focus,FALSE,focus
fondasi,FALSE,fondasi
formal,FALSE,formal
furnitur,FALSE,furnitur
gabah,FALSE,gabah
gabungan,FALSE,gabung
gabus,FALSE,gabus
galian,FALSE,gali
garam,FALSE,garam
garis,FALSE,garis
gelondongan,FALSE,gelondong
gender,FALSE,gender
genteng,FALSE,genteng
giling,FALSE,giling
gini,TRUE,gini
golongan,FALSE,golong
goreng,FALSE,goreng
gorontalo,TRUE,gorontalo
grosir,FALSE,grosir
group,FALSE,group
gula,FALSE,gula
gunungsitoli,TRUE,gunungsitoli
haji,FALSE,haji
harapan,FALSE,harap
harga,FALSE,harga
harian,FALSE,hari
hasil,FALSE,hasil
hatta,FALSE,hatta
hektar,FALSE,hektar
hektare,FALSE,hektare
hewan,FALSE,hewan
hewani,FALSE,hewani
hias,FALSE,hias
hidup,FALSE,hidup
hotel,FALSE,hotel
ihpb,TRUE,ihpb
ikan,FALSE,ikan
ikjhi,TRUE,ikjhi
ikrt,TRUE,ikrt
impor,FALSE,impor
india,TRUE,india
indikator,FALSE,indikator
indonesia,TRUE,indonesia
industri,FALSE,industri
inflasi,FALSE,inflasi
informal,FALSE,informal
informasi,FALSE,informasi
infrastruktur,FALSE,infrastruktur
instan,FALSE,instan
internasional,FALSE,internasional
inti,FALSE,inti
ipak,TRUE,ipak
jagung,FALSE,jagung
jahe,FALSE,jahe
jakarta,TRUE,jakarta
jambi,TRUE,jambi
jaminan,FALSE,jamin
jasa,FALSE,jasa
jatuh,FALSE,jatuh
jawa,TRUE,jawa
jayapura,TRUE,jayapura
jayawijaya,TRUE,jayawijaya
jemaah,FALSE,jemaah
jendela,FALSE,jendela
jenis,FALSE,jenis
jepang,TRUE,jepang
kabar,FALSE,kabar
kabupaten,FALSE,kabupaten
kaca,FALSE,kaca
kacang,FALSE,kacang
kadar,FALSE,kadar
kakao,FALSE,kakao
kaki,FALSE,kaki
kalender,FALSE,kalender
kalimantan,TRUE,kalimantan
kamar,FALSE,kamar
kapal,FALSE,kapal
kapasitas,FALSE,kapasitas
kapita,FALSE,kapita
karet,FALSE,karet
karyawan,FALSE,karyawan
kategori,FALSE,kategori
katering,FALSE,katering
kawat,FALSE,kawat
kayu,FALSE,kayu
keahlian,FALSE,ahli
kebahagiaan,FALSE,bahagia
kebebasan,FALSE,bebas
kecamatan,FALSE,camat
kecil,FALSE,kecil
kecuali,FALSE,kecuali
kedelai,FALSE,kedelai
keempat,FALSE,empat
kegiatan,FALSE,giat
kehutanan,FALSE,hutan
kejuruan,FALSE,juru
kelapa,FALSE,kelapa
kelompok,FALSE,kelompok
kelurahan,FALSE,lurah
kemajuan,FALSE,maju
kemampuan,FALSE,mampu
kembang,FALSE,kembang
kemiskinan,FALSE,miskin
kenaikan,FALSE,naik
kendaraan,FALSE,kendara
kendari,TRUE,kendari
kepuasan,TRUE,kepuasan
kepulauan,FALSE,pulau
kerak,FALSE,kerak
kerangka,FALSE,rangka
kereta,FALSE,kereta
kerikil,FALSE,kerikil
kering,FALSE,kering
kerja,FALSE,kerja
kertas,FALSE,kertas
kesehatan,FALSE,sehat
kesenjangan,FALSE,senjang
ketenagakerjaan,FALSE,ketenagakerjaan
ketganya,FALSE,ketganya
ketiga,FALSE,tiga
ketiganya,FALSE,tiga
ketimpangan,FALSE,timpang
keuangan,FALSE,uang
kimia,FALSE,kimia
kinerja,FALSE,kinerja
klasifikasi,FALSE,klasifikasi
kloset,FALSE,kloset
komoditas,FALSE,komoditas
komoditi,FALSE,komoditi
komponen,FALSE,komponen
komposisi,FALSE,komposisi
komposit,FALSE,komposit
komputer,FALSE,komputer
komunikasi,FALSE,komunikasi
komuter,FALSE,komuter
kondisi,FALSE,kondisi
konstan,FALSE,konstan
konstruksi,FALSE,konstruksi
konsumen,FALSE,konsumen
konsumsi,FALSE,konsumsi
kontraksi,FALSE,kontraksi
kontribusi,FALSE,kontribusi
kopi,FALSE,kopi
korea,TRUE,korea
korupsi,FALSE,korupsi
kota,FALSE,kota
kotabaru,TRUE,kotabaru
kotamobagu,TRUE,kotamobagu
kretek,FALSE,kretek
kualitas,FALSE,kualitas
kuat,FALSE,kuat
kubis,FALSE,kubis
kuintal,FALSE,kuintal
kulit,FALSE,kulit
kumulatf,FALSE,kumulatf
kumulatif,FALSE,kumulatif
kunjungan,FALSE,kunjung
kupang,TRUE,kupang
kurang,FALSE,kurang
kurs,FALSE,kurs
kusen,FALSE,kusen
lahir,FALSE,lahir
laki,FALSE,laki
lampung,TRUE,lampung
lantai,FALSE,lantai
lapangan,FALSE,lapang
laut,FALSE,laut
layak,FALSE,layak
layanan,FALSE,layan
lemak,FALSE,lemak
lembaga,FALSE,lembaga
lembaran,FALSE,lembar
level,FALSE,level
listrik,FALSE,listrik
lnprt,TRUE,lnprt
logam,FALSE,logam
lokal,FALSE,lokal
luas,FALSE,luas
luwuk,TRUE,luwuk
makan,FALSE,makan
makanan,FALSE,makan
malam,FALSE,malam
malaysia,TRUE,malaysia
maluku,TRUE,maluku
mamuju,TRUE,mamuju
manado,TRUE,manado
mancanegara,FALSE,mancanegara
mandi,FALSE,mandi
mandor,FALSE,mandor
manokwari,TRUE,manokwari
manufaktur,FALSE,manufaktur
manusia,FALSE,manusia
margin,FALSE,margin
masingmasing,FALSE,masingmasing
masuk,FALSE,masuk
masyarakat,FALSE,masyarakat
medan,TRUE,medan
media,FALSE,media
medium,FALSE,medium
mekanik,FALSE,mekanik
mekanis,FALSE,mekanis
melambat,FALSE,lambat
melayani,FALSE,layan
memasuki,FALSE,masuk
memiliki,FALSE,milik
memuaskan,TRUE,memuaskan
menamatkan,FALSE,tamat
mencatat,FALSE,catat
mencerminkan,FALSE,cermin
mendalam,FALSE,dalam
mendekati,FALSE,dekat
menempuh,FALSE,tempuh
menengah,FALSE,tengah
menggambarkan,FALSE,gambar
menginap,FALSE,inap
meningkat,FALSE,tingkat
meningkatnya,FALSE,tingkat
menurun,FALSE,turun
merah,FALSE,merah
merasakan,FALSE,rasa
merauke,TRUE,merauke
mesin,FALSE,mesin
metodologi,FALSE,metodologi
meulaboh,TRUE,meulaboh
migas,TRUE,migas
mikro,FALSE,mikro
minahasa,TRUE,minahasa
mineral,FALSE,mineral
minggu,FALSE,minggu
minum,FALSE,minum
minuman,FALSE,minum
minus,FALSE,minus
minyak,FALSE,minyak
miskin,FALSE,miskin
modal,FALSE,modal
month,FALSE,month
muko,FALSE,muko
mulia,FALSE,mulia
musiman,FALSE,musim
nabati,FALSE,nabati
naik,FALSE,naik
naiknya,FALSE,naik
nasional,FALSE,nasional
negara,FALSE,negara
negatif,FALSE,negatif
negeri,TRUE,negeri
neraca,FALSE,neraca
neto,FALSE,neto
nggi,FALSE,nggi
ngurah,FALSE,ngurah
nikel,FALSE,nikel
nominal,FALSE,nominal
nonbintang,FALSE,nonbintang
nonmigas,TRUE,nonmigas
nonprofit,FALSE,nonprofit
ntup,TRUE,ntup
nusa,TRUE,nusa
nusantara,TRUE,nusantara
obat,FALSE,obat
observasi,FALSE,observasi
olah,FALSE,olah
olahraga,FALSE,olahraga
optik,FALSE,optik
optimisme,FALSE,optimisme
orang,FALSE,orang
padang,TRUE,padang
padangsidimpuan,TRUE,padangsidimpuan
padi,FALSE,padi
pakaian,FALSE,pakai
paku,FALSE,paku
palopo,TRUE,palopo
palu,TRUE,palu
pandan,FALSE,pandan
pandemi,FALSE,pandemi
panen,FALSE,panen
pangan,FALSE,pangan
pangkalpinang,TRUE,pangkalpinang
pangsa,FALSE,pangsa
papua,TRUE,papua
pare,TRUE,pare
pariwisata,FALSE,pariwisata
partisipasi,FALSE,partisipasi
paruh,FALSE,paruh
pasang,FALSE,pasang
pasar,FALSE,pasar
pasir,FALSE,pasir
pecah,FALSE,pecah
pedagang,FALSE,dagang
pegunungan,FALSE,gunung
pekanbaru,TRUE,pekanbaru
pekerja,FALSE,kerja
pekerjaan,FALSE,kerja
pelaku,TRUE,pelaku
pelayanan,TRUE,pelayanan
pemasangan,FALSE,pemasangan
pemasok,FALSE,pemasok
pematangsiantar,TRUE,pematangsiantar
pembangunan,FALSE,bangun
pembentuk,FALSE,bentuk
pembentukan,FALSE,bentuk
pemeliharaan,FALSE,pemeliharaan
pemerintah,FALSE,pemerintah
pemerintahan,FALSE,pemerintahan
pencetakan,FALSE,cetak
pendapatan,FALSE,dapat
pendataan,FALSE,data
pendidikan,FALSE,didik
pendingin,FALSE,dingin
penduduk,TRUE,penduduk
pengadaan,TRUE,pengadaan
pengalaman,FALSE,alam
penganggur,FALSE,anggur
pengangguran,FALSE,anggur
pengangkutan,FALSE,angkut
pengelolaan,FALSE,kelola
pengeluaran,FALSE,keluar
pengembangan,FALSE,kembang
pengepul,FALSE,kepul
pengetahuan,FALSE,tahu
penggalian,FALSE,gali
penggilingan,FALSE,giling
penggunaan,FALSE,guna
penghitungan,FALSE,hitung
penghunian,FALSE,huni
pengolahan,FALSE,olah
pengurangan,TRUE,pengurangan
peningkatan,FALSE,tingkat
penjelasan,FALSE,jelas
penjualan,FALSE,jual
penolong,FALSE,tolong
penuh,FALSE,penuh
penumpang,FALSE,tumpang
penurunan,FALSE,turun
penyeberangan,FALSE,seberang
penyediaan,FALSE,sedia
penyumbang,FALSE,sumbang
penyusun,FALSE,susun
peralatan,FALSE,alat
peralatannya,FALSE,alat
peranan,FALSE,peran
perawatan,FALSE,awat
perbaikan,FALSE,baik
perbandingan,FALSE,banding
percetakan,FALSE,cetak
perda,TRUE,perda
perdagangan,FALSE,dagang
perdesaan,FALSE,desa
perekonomian,FALSE,ekonomi
perempuan,FALSE,perempuan
pergub,FALSE,pergub
pergudangan,TRUE,pergudangan
perhiasan,FALSE,hias
perikanan,FALSE,ikan
perilaku,FALSE,perilaku
periode,FALSE,periode
perjalanan,FALSE,jalan
perkapita,FALSE,kapita
perkembangan,FALSE,kembang
perkiraan,FALSE,kira
perkotaan,FALSE,kota
perlengkapan,FALSE,lengkap
permata,FALSE,permata
permisif,FALSE,permisif
persentase,FALSE,persentase
persepsi,FALSE,persepsi
pertahanan,FALSE,tahan
pertambangan,FALSE,tambang
pertanian,FALSE,tani
pertumbuhan,FALSE,tumbuh
perubahan,FALSE,ubah
perumahan,FALSE,rumah
perusahaan,FALSE,usaha
pesawat,FALSE,pesawat
petani,TRUE,petani
pimpinan,FALSE,pimpin
pinang,FALSE,pinang
pintu,FALSE,pintu
pipa,FALSE,pipa
pipilan,FALSE,pipil
plastik,FALSE,plastik
pmtb,TRUE,pmtb
podes,TRUE,podes
poin,FALSE,poin
pola,FALSE,pola
politik,FALSE,politik
pontianak,TRUE,pontianak
potensi,FALSE,potensi
premium,FALSE,premium
pribadi,FALSE,pribadi
produk,FALSE,produk
produksi,FALSE,produksi
produktivitas,FALSE,produktivitas
produsen,FALSE,produsen
profit,FALSE,profit
prospek,FALSE,prospek
provinsi,FALSE,provinsi
pulau,FALSE,pulau
pupuk,FALSE,pupuk
pusat,FALSE,pusat
putih,FALSE,putih
raga,FALSE,raga
rangka,FALSE,rangka
rasio,FALSE,rasio
ratio,TRUE,ratio
rawit,FALSE,rawit
real,FALSE,real
reguler,FALSE,reguler
rekaman,FALSE,rekam
rekreasi,FALSE,rekreasi
relatif,FALSE,relatif
rendah,FALSE,rendah
reparasi,FALSE,reparasi
reproduksi,FALSE,reproduksi
responden,FALSE,responden
restoran,FALSE,restoran
review,FALSE,review
revisi,FALSE,revisi
riau,TRUE,riau
riil,FALSE,riil
rokok,FALSE,rokok
rotan,FALSE,rotan
ruangan,FALSE,ruang
rumah,FALSE,rumah
rutin,FALSE,rutin
sakernas,TRUE,sakernas
salah,FALSE,salah
sampel,FALSE,sampel
sampit,TRUE,sampit
sandang,FALSE,sandang
sapi,FALSE,sapi
saudi,TRUE,saudi
sawit,FALSE,sawit
sehat,FALSE,sehat
sejalan,FALSE,jalan
sejenisnya,FALSE,jenis
sekolah,FALSE,sekolah
seksi,FALSE,seksi
sektor,FALSE,sektor
selatan,FALSE,selatan
selor,TRUE,selor
seluas,FALSE,luas
sembilan,FALSE,sembilan
semen,FALSE,semen
semester,FALSE,semester
senilai,FALSE,nilai
sensus,FALSE,sensus
sepuluh,FALSE,puluh
serealia,FALSE,serealia
serikat,FALSE,serikat
setahun,FALSE,tahun
setara,FALSE,tara
sibolga,TRUE,sibolga
sigaret,FALSE,sigaret
signifikan,FALSE,signifikan
singapura,TRUE,singapura
singaraja,TRUE,singaraja
singkawang,TRUE,singkawang
sipil,FALSE,sipil
sirtu,FALSE,sirtu
sisi,FALSE,sisi
skala,FALSE,skala
slta,TRUE,slta
sltp,TRUE,sltp
soekarno,FALSE,soekarno
solar,FALSE,solar
sorong,TRUE,sorong
sosial,FALSE,sosial
spasial,FALSE,spasial
split,FALSE,split
stabil,FALSE,stabil
standar,FALSE,standar
statistik,FALSE,statistik
strategis,FALSE,strategis
struktur,FALSE,struktur
subindeks,FALSE,subindeks
submedium,FALSE,submedium
subround,FALSE,subround
sulawesi,TRUE,sulawesi
sumatera,TRUE,sumatera
sumbangan,FALSE,sumbang
sumber,FALSE,sumber
sumenep,TRUE,sumenep
sungai,FALSE,sungai
surat,FALSE,surat
surplus,FALSE,surplus
survei,FALSE,survei
susu,FALSE,susu
tajam,FALSE,tajam
tambang,FALSE,tambang
tamu,FALSE,tamu
tanah,FALSE,tanah
tangerang,TRUE,tangerang
tangga,FALSE,tangga
tangki,FALSE,tangki
tani,FALSE,tani
tanjung,TRUE,tanjung
tarakan,TRUE,tarakan
teknologi,FALSE,teknologi
tekstil,FALSE,tekstil
telur,FALSE,telur
tembakau,FALSE,tembakau
tembilahan,FALSE,tembilahan
tenaga,FALSE,tenaga
tenda,FALSE,tenda
tendensi,FALSE,tendensi
tenggara,FALSE,tenggara
tepung,FALSE,tepung
terak,FALSE,terak
terapresiasi,FALSE,apresiasi
terapung,TRUE,terapung
terbawah,FALSE,bawah
terbesar,FALSE,besar
terbuka,FALSE,buka
tercermin,FALSE,cermin
terdalam,FALSE,dalam
terdampak,FALSE,dampak
terdepresiasi,FALSE,depresiasi
tereduksi,FALSE,reduksi
terendah,FALSE,rendah
tergolong,FALSE,golong
terigu,FALSE,terigu
terkini,FALSE,kini
terkontraksi,FALSE,kontraksi
terms,FALSE,terms
ternate,TRUE,ternate
terpanjang,FALSE,panjang
terpendek,FALSE,pendek
terpilih,FALSE,pilih
tertinggi,FALSE,tinggi
tertnggi,FALSE,tertnggi
thailand,TRUE,thailand
timika,TRUE,timika
timor,TRUE,timor
timur,FALSE,timur
tinggi,FALSE,tinggi
tingkat,FALSE,tingkat
tiongkok,TRUE,tiongkok
tipis,FALSE,tipis
tngkat,FALSE,tngkat
toli,TRUE,toli
tomat,FALSE,tomat
total,FALSE,total
tpak,TRUE,tpak
trade,FALSE,trade
tradisional,FALSE,tradisional
transaksi,FALSE,transaksi
transpor,FALSE,transpor
transportasi,FALSE,transportasi
triwulan,FALSE,triwulan
tual,TRUE,tual
tujuan,FALSE,tuju
tujuh,FALSE,tujuh
tukang,FALSE,tukang
tukar,FALSE,tukar
tumbuh,FALSE,tumbuh
turun,FALSE,turun
turunnya,FALSE,turun
udara,FALSE,udara
ukuran,FALSE,ukur
umur,FALSE,umur
unit,FALSE,unit
universitas,FALSE,universitas
upah,FALSE,upah
urug,FALSE,urug
uruk,FALSE,uruk
usaha,FALSE,usaha
usia,FALSE,usia
utama,FALSE,utama
utamanya,FALSE,utama
utara,FALSE,utara
wajib,FALSE,wajib
wastafel,FALSE,wastafel
wawancara,FALSE,wawancara
wilayah,FALSE,wilayah
wisata,FALSE,wisata
wisatawan,FALSE,wisatawan
wisman,TRUE,wisman
wisnas,TRUE,wisnas
wisnus,TRUE,wisnus
wortel,FALSE,wortel
year,FALSE,year
yogyakarta,TRUE,yogyakarta
ytdl,FALSE,ytdl
