tahun,domain,arah,n
2015,Statistik Demografi dan Sosial,Naik,14
2015,Statistik Demografi dan Sosial,Turun,5
2015,Statistik Ekonomi,Naik,520
2015,Statistik Ekonomi,Turun,427
2015,Statistik Lingkungan Hidup dan Multi-domain,Naik,6
2015,Statistik Lingkungan Hidup dan Multi-domain,Turun,6
2016,Statistik Demografi dan Sosial,Naik,6
2016,Statistik Demografi dan Sosial,Turun,11
2016,Statistik Ekonomi,Naik,709
2016,Statistik Ekonomi,Turun,547
2016,Statistik Lingkungan Hidup dan Multi-domain,Naik,2
2016,Statistik Lingkungan Hidup dan Multi-domain,Turun,20
2016,Tidak Berkategori,Naik,2
2017,Statistik Demografi dan Sosial,Naik,10
2017,Statistik Demografi dan Sosial,Turun,14
2017,Statistik Ekonomi,Naik,705
2017,Statistik Ekonomi,Turun,322
2017,Statistik Lingkungan Hidup dan Multi-domain,Naik,5
2017,Statistik Lingkungan Hidup dan Multi-domain,Turun,16
2018,Statistik Demografi dan Sosial,Naik,7
2018,Statistik Demografi dan Sosial,Turun,10
2018,Statistik Ekonomi,Naik,709
2018,Statistik Ekonomi,Turun,294
2018,Statistik Lingkungan Hidup dan Multi-domain,Naik,6
2018,Statistik Lingkungan Hidup dan Multi-domain,Turun,17
2019,Statistik Demografi dan Sosial,Naik,6
2019,Statistik Demografi dan Sosial,Turun,12
2019,Statistik Ekonomi,Naik,608
2019,Statistik Ekonomi,Turun,404
2019,Statistik Lingkungan Hidup dan Multi-domain,Naik,2
2019,Statistik Lingkungan Hidup dan Multi-domain,Turun,24
2020,Statistik Demografi dan Sosial,Naik,12
2020,Statistik Demografi dan Sosial,Turun,11
2020,Statistik Ekonomi,Naik,485
2020,Statistik Ekonomi,Turun,457
2020,Statistik Lingkungan Hidup dan Multi-domain,Naik,11
2020,Statistik Lingkungan Hidup dan Multi-domain,Turun,17
2021,Statistik Demografi dan Sosial,Naik,12
2021,Statistik Demografi dan Sosial,Turun,12
2021,Statistik Ekonomi,Naik,597
2021,Statistik Ekonomi,Turun,324
2021,Statistik Lingkungan Hidup dan Multi-domain,Naik,10
2021,Statistik Lingkungan Hidup dan Multi-domain,Turun,8
2022,Statistik Demografi dan Sosial,Naik,9
2022,Statistik Demografi dan Sosial,Turun,11
2022,Statistik Ekonomi,Naik,762
2022,Statistik Ekonomi,Turun,276
2022,Statistik Lingkungan Hidup dan Multi-domain,Naik,2
2022,Statistik Lingkungan Hidup dan Multi-domain,Turun,23
2023,Statistik Demografi dan Sosial,Naik,12
2023,Statistik Demografi dan Sosial,Turun,7
2023,Statistik Ekonomi,Naik,599
2023,Statistik Ekonomi,Turun,302
2023,Statistik Lingkungan Hidup dan Multi-domain,Naik,6
2023,Statistik Lingkungan Hidup dan Multi-domain,Turun,14
2023,Tidak Berkategori,Naik,40
2023,Tidak Berkategori,Turun,23
2024,Statistik Demografi dan Sosial,Naik,12
2024,Statistik Demografi dan Sosial,Turun,8
2024,Statistik Ekonomi,Naik,619
2024,Statistik Ekonomi,Turun,304
2024,Statistik Lingkungan Hidup dan Multi-domain,Naik,1
2024,Statistik Lingkungan Hidup dan Multi-domain,Turun,17
2025,Statistik Demografi dan Sosial,Naik,7
2025,Statistik Demografi dan Sosial,Turun,3
2025,Statistik Ekonomi,Naik,553
2025,Statistik Ekonomi,Turun,212
2025,Statistik Lingkungan Hidup dan Multi-domain,Naik,3
2025,Statistik Lingkungan Hidup dan Multi-domain,Turun,27
