id,label,parent,nilai,warna
BRS,Seluruh BRS,,1121,230
Statistik Demografi dan Sosial,Statistik Demografi dan Sosial,BRS,48,201
Statistik Ekonomi,Statistik Ekonomi,BRS,1003,235
Statistik Lingkungan Hidup dan Multi-domain,Statistik Lingkungan Hidup dan Multi-domain,BRS,59,180
Tidak Berkategori,Tidak Berkategori,BRS,11,169
Statistik Demografi dan Sosial | Aktivitas Politik dan Komunitas,Aktivitas Politik dan Komunitas,Statistik Demografi dan Sosial,14,155
Statistik Demografi dan Sosial | Budaya,Budaya,Statistik Demografi dan Sosial,1,113
Statistik Demografi dan Sosial | Hukum dan Kriminal,Hukum dan Kriminal,Statistik Demografi dan Sosial,1,145
Statistik Demografi dan Sosial | Ketenagakerjaan,Ketenagakerjaan,Statistik Demografi dan Sosial,22,238
Statistik Demografi dan Sosial | Pendapatan dan Konsumsi,Pendapatan dan Konsumsi,Statistik Demografi dan Sosial,8,233
Statistik Demografi dan Sosial | Populasi dan Migrasi,Populasi dan Migrasi,Statistik Demografi dan Sosial,2,60
Statistik Ekonomi | Biaya Tenaga Kerja,Biaya Tenaga Kerja,Statistik Ekonomi,96,117
Statistik Ekonomi | Harga,Harga,Statistik Ekonomi,442,229
Statistik Ekonomi | IPTEK dan Inovasi,IPTEK dan Inovasi,Statistik Ekonomi,5,192
Statistik Ekonomi | Perdagangan Internasional,Perdagangan Internasional,Statistik Ekonomi,135,384
Statistik Ekonomi | Statistik Bisnis,Statistik Bisnis,Statistik Ekonomi,21,202
Statistik Ekonomi | Statistik Makroekonomi,Statistik Makroekonomi,Statistik Ekonomi,45,210
Statistik Ekonomi | Statistik Sektoral,Statistik Sektoral,Statistik Ekonomi,259,218
Statistik Lingkungan Hidup dan Multi-domain | Statistik Multi-domain,Statistik Multi-domain,Statistik Lingkungan Hidup dan Multi-domain,59,180
Tidak Berkategori | Tidak Berkategori,Tidak Berkategori,Tidak Berkategori,11,169
Statistik Demografi dan Sosial | Aktivitas Politik dan Komunitas | Aktivitas Politik dan Komunitas Lainnya,Aktivitas Politik dan Komunitas Lainnya,Statistik Demografi dan Sosial | Aktivitas Politik dan Komunitas,14,155
Statistik Demografi dan Sosial | Budaya | Budaya,Budaya,Statistik Demografi dan Sosial | Budaya,1,113
Statistik Demografi dan Sosial | Hukum dan Kriminal | Hukum dan Kriminal,Hukum dan Kriminal,Statistik Demografi dan Sosial | Hukum dan Kriminal,1,145
Statistik Demografi dan Sosial | Ketenagakerjaan | Tenaga Kerja,Tenaga Kerja,Statistik Demografi dan Sosial | Ketenagakerjaan,22,238
Statistik Demografi dan Sosial | Pendapatan dan Konsumsi | Konsumsi dan Pendapatan,Konsumsi dan Pendapatan,Statistik Demografi dan Sosial | Pendapatan dan Konsumsi,8,233
Statistik Demografi dan Sosial | Populasi dan Migrasi | Kependudukan dan Migrasi,Kependudukan dan Migrasi,Statistik Demografi dan Sosial | Populasi dan Migrasi,2,60
Statistik Ekonomi | Biaya Tenaga Kerja | Biaya Tenaga Kerja,Biaya Tenaga Kerja,Statistik Ekonomi | Biaya Tenaga Kerja,96,117
Statistik Ekonomi | Harga | Harga-Harga,Harga-Harga,Statistik Ekonomi | Harga,442,229
"Statistik Ekonomi | IPTEK dan Inovasi | Ilmu Pengetahuan, Teknologi, dan Inovasi","Ilmu Pengetahuan, Teknologi, dan Inovasi",Statistik Ekonomi | IPTEK dan Inovasi,5,192
Statistik Ekonomi | Perdagangan Internasional | Perdagangan Internasional dan Neraca Pembayaran,Perdagangan Internasional dan Neraca Pemba...,Statistik Ekonomi | Perdagangan Internasional,135,384
Statistik Ekonomi | Statistik Bisnis | Statistik Bisnis,Statistik Bisnis,Statistik Ekonomi | Statistik Bisnis,21,202
Statistik Ekonomi | Statistik Makroekonomi | Neraca Ekonomi,Neraca Ekonomi,Statistik Ekonomi | Statistik Makroekonomi,45,210
Statistik Ekonomi | Statistik Sektoral | Pariwisata,Pariwisata,Statistik Ekonomi | Statistik Sektoral,109,176
Statistik Ekonomi | Statistik Sektoral | Transportasi,Transportasi,Statistik Ekonomi | Statistik Sektoral,46,308
"Statistik Ekonomi | Statistik Sektoral | Pertanian, Kehutanan, Perikanan","Pertanian, Kehutanan, Perikanan",Statistik Ekonomi | Statistik Sektoral,41,131
"Statistik Ekonomi | Statistik Sektoral | Perbankan, Asuransi dan Finansial","Perbankan, Asuransi dan Finansial",Statistik Ekonomi | Statistik Sektoral,36,196
"Statistik Ekonomi | Statistik Sektoral | Pertambangan, Manufaktur, Konstruksi","Pertambangan, Manufaktur, Konstruksi",Statistik Ekonomi | Statistik Sektoral,23,444
Statistik Ekonomi | Statistik Sektoral | Statistik sektoral,Statistik sektoral,Statistik Ekonomi | Statistik Sektoral,4,121
"Statistik Lingkungan Hidup dan Multi-domain | Statistik Multi-domain | Kondisi Tempat Tinggal, Kemiskinan, dan Permasalahan Sosial Lintas Sektor","Kondisi Tempat Tinggal, Kemiskinan, dan Pe...",Statistik Lingkungan Hidup dan Multi-domain | Statistik Multi-domain,55,183
Statistik Lingkungan Hidup dan Multi-domain | Statistik Multi-domain | Gender dan Kelompok Populasi Khusus,Gender dan Kelompok Populasi Khusus,Statistik Lingkungan Hidup dan Multi-domain | Statistik Multi-domain,2,62
Statistik Lingkungan Hidup dan Multi-domain | Statistik Multi-domain | Pembangunan Berkelanjutan,Pembangunan Berkelanjutan,Statistik Lingkungan Hidup dan Multi-domain | Statistik Multi-domain,2,216
Tidak Berkategori | Tidak Berkategori | Tidak Berkategori,Tidak Berkategori,Tidak Berkategori | Tidak Berkategori,11,169
