domain,divisi,subjek,n_dokumen,rata_kata,kode_csa,tahun_awal,tahun_akhir
Statistik Demografi dan Sosial,Aktivitas Politik dan Komunitas,Aktivitas Politik dan Komunitas Lainnya,14,155,1.10,2015,2022
Statistik Demografi dan Sosial,Budaya,Budaya,1,113,1.9,2025,2025
Statistik Demografi dan Sosial,Hukum dan Kriminal,Hukum dan Kriminal,1,145,1.8,2024,2024
Statistik Demografi dan Sosial,Ketenagakerjaan,Tenaga Kerja,22,238,1.2,2015,2025
Statistik Demografi dan Sosial,Pendapatan dan Konsumsi,Konsumsi dan Pendapatan,8,233,1.5,2015,2021
Statistik Demografi dan Sosial,Populasi dan Migrasi,Kependudukan dan Migrasi,2,60,1.1,2021,2023
Statistik Ekonomi,Biaya Tenaga Kerja,Biaya Tenaga Kerja,96,117,2.8,2015,2023
Statistik Ekonomi,Harga,Harga-Harga,442,229,2.7,2015,2025
Statistik Ekonomi,IPTEK dan Inovasi,"Ilmu Pengetahuan, Teknologi, dan Inovasi",5,192,2.9,2016,2021
Statistik Ekonomi,Perdagangan Internasional,Perdagangan Internasional dan Neraca Pembayaran,135,384,2.6,2015,2025
Statistik Ekonomi,Statistik Bisnis,Statistik Bisnis,21,202,2.3,2015,2020
Statistik Ekonomi,Statistik Makroekonomi,Neraca Ekonomi,45,210,2.1,2015,2025
Statistik Ekonomi,Statistik Sektoral,Pariwisata,109,176,2.4.5,2015,2025
Statistik Ekonomi,Statistik Sektoral,Transportasi,46,308,2.4.4,2022,2025
Statistik Ekonomi,Statistik Sektoral,"Pertanian, Kehutanan, Perikanan",41,131,2.4.1,2015,2025
Statistik Ekonomi,Statistik Sektoral,"Perbankan, Asuransi dan Finansial",36,196,2.4.6,2015,2018
Statistik Ekonomi,Statistik Sektoral,"Pertambangan, Manufaktur, Konstruksi",23,444,2.4.3,2015,2020
Statistik Ekonomi,Statistik Sektoral,Statistik sektoral,4,121,2.4,2017,2022
Statistik Lingkungan Hidup dan Multi-domain,Statistik Multi-domain,"Kondisi Tempat Tinggal, Kemiskinan, dan Permasalahan Sosial Lintas Sektor",55,183,3.3.1,2015,2025
Statistik Lingkungan Hidup dan Multi-domain,Statistik Multi-domain,Gender dan Kelompok Populasi Khusus,2,62,3.3.2,2024,2025
Statistik Lingkungan Hidup dan Multi-domain,Statistik Multi-domain,Pembangunan Berkelanjutan,2,216,3.3.5,2015,2018
Tidak Berkategori,Tidak Berkategori,Tidak Berkategori,11,169,-,2016,2023
