dari,ke,bobot
naik,triwulan,1481
harga,naik,1017
ekspor,nonmigas,714
inflasi,tingkat,544
kunjung,wisman,509
rumah,tangga,504
gabah,kualitas,490
nominal,upah,476
besar,turun,469
naik,nasional,436
impor,nonmigas,425
buruh,tani,420
kelompok,keluar,419
ekspor,turun,397
ekspor,indonesia,393
naik,petani,393
naik,sebab,390
naik,provinsi,369
ekspor,naik,366
riil,upah,363
provinsi,turun,352
naik,orang,348
beras,harga,343
harga,turun,343
petani,tingkat,343
naik,upah,333
giling,naik,332
naik,tinggi,331
kunjung,naik,323
besar,nonmigas,321
inti,komponen,319
poin,turun,316
gabah,harga,312
inflasi,komponen,296
naik,poin,291
buruh,hari,287
hari,nominal,286
giling,tingkat,284
makan,minum,271
ekonomi,indonesia,255
beras,kualitas,251
kelompok,sehat,249
produksi,tumbuh,249
indonesia,turun,248
gini,ratio,247
industri,produksi,247
naik,tingkat,247
gabah,kering,246
tinggi,tumbuh,244
ekspor,hasil,240
indonesia,wisman,239
besar,dagang,236
angkut,barang,234
nonmigas,turun,233
besar,ihpb,232
dagang,harga,231
tingkat,turun,231
impor,turun,227
industri,olah,226
petani,tukar,225
barang,ekspor,222
periode,turun,221
ihpb,naik,220
indonesia,naik,220
triwulan,turun,219
bayar,harga,218
bayar,petani,218
ekspor,periode,217
lapang,usaha,217
harga,terima,216
petani,terima,216
naik,periode,210
sektor,triwulan,209
giling,turun,207
naik,turun,206
orang,turun,202
buruh,riil,199
kerja,upah,199
hotel,klasifikasi,198
buruh,kerja,195
ihpb,ubah,195
kelompok,makan,195
indonesia,kunjung,192
bangun,buruh,191
barang,impor,190
kualitas,premium,189
nasional,tani,189
industri,manufaktur,188
naik,nonmigas,188
bintang,klasifikasi,186
angkut,tumpang,185
kalimantan,timur,184
tumbuh,turun,184
beras,giling,182
harga,konsumen,181
ihpb,nasional,180
beli,daya,179
didik,kelompok,178
petani,turun,177
buruh,upah,176
barang,konsumsi,175
kalender,tingkat,174
bahan,bakar,173
besar,tingkat,173
buruh,nominal,173
konsumsi,rumah,173
orang,tumpang,173
bintang,hotel,171
inflasi,tinggi,171
jawa,timur,170
kualitas,medium,168
besar,tiongkok,167
industri,turun,167
tingkat,triwulan,163
impor,indonesia,159
mancanegara,wisatawan,158
bahan,ihpb,153
harga,kualitas,153
naik,tumpang,153
kunjung,wisatawan,152
berangkat,orang,150
indonesia,triwulan,150
barang,modal,149
besar,naik,149
inflasi,kota,148
bangun,konstruksi,147
bahan,bangun,146
harga,produsen,146
harga,tingkat,146
industri,naik,146
bahan,baku,145
miskin,penduduk,145
luas,panen,144
kering,panen,143
impor,naik,142
giling,premium,141
konsumen,kota,141
provinsi,tinggi,141
inflasi,year,139
impor,migas,138
huni,kamar,137
huni,tingkat,137
nasional,turun,137
hotel,kamar,136
jasa,uang,135
kelompok,transportasi,133
kelompok,naik,132
harga,komoditas,131
sektor,tani,131
barang,jasa,130
listrik,rumah,130
besar,indonesia,129
kelompok,tembakau,129
provinsi,pulau,129
bahan,listrik,128
golong,impor,128
kualitas,naik,128
rumah,usaha,128
buruh,terima,127
kelompok,rumah,127
nasional,ntup,127
barat,jawa,126
besar,golong,126
hasil,tani,126
ihpb,tinggi,126
jasa,komunikasi,126
kelompok,tangga,126
ntup,tani,126
tangga,tani,126
tukar,usaha,126
asean,eropa,125
bisnis,kondisi,125
giling,kualitas,123
jawa,pulau,123
jepang,tiongkok,123
keluar,komponen,123
kualitas,rendah,123
naik,produksi,123
periode,tingkat,123
level,rendah,122
amerika,serikat,121
inflasi,inti,121
kelompok,sandang,121
kurs,provinsi,121
level,provinsi,121
ekspor,sektor,120
hasil,industri,120
hasil,nonmigas,120
hasil,tambang,120
eropa,negara,119
keluar,sisi,119
produksi,sisi,119
barang,provinsi,118
naik,sektor,118
gali,tambang,117
inap,tamu,117
barat,ikut,116
kelompok,turun,116
olahraga,rekreasi,116
beli,petani,115
daya,mampu,115
triwulan,tumbuh,115
barang,golong,114
provinsi,tumbuh,114
asean,nonmigas,113
baku,tolong,113
ecer,kurs,113
asal,jawa,112
mampu,tingkat,112
banding,upah,111
besar,ekspor,111
ekspor,tiga,111
kontribusi,tiga,111
padi,produksi,110
alat,mesin,109
inap,poin,109
besar,manufaktur,108
asal,besar,106
kunjung,turun,106
susul,tiongkok,106
angkut,udara,105
harga,petani,105
mancanegara,wisman,105
ekspor,kumulatif,103
giling,kering,103
provinsi,sulawesi,103
ihpb,nonmigas,102
inflasi,kalender,102
tumpang,turun,102
barang,kelompok,101
giling,harga,101
informasi,komunikasi,100
angkut,kereta,98
barang,periode,98
deflasi,kota,98
giling,usaha,98
impor,tingkat,98
indonesia,tingkat,98
bintang,naik,97
indonesia,sebab,97
inflasi,naik,97
kunjung,tingkat,97
level,tinggi,97
sektor,tinggi,97
bangun,tukang,96
kurs,nasional,96
mandor,tukang,96
asing,indonesia,95
grosir,harga,95
asing,tamu,94
barang,pemasok,94
besar,triwulan,94
ekspor,tingkat,94
hotel,indonesia,94
inti,kalender,94
mandor,naik,94
negara,pemasok,94
jagung,pipil,93
barang,tolong,91
sisi,tumbuh,91
tani,upah,91
ekspor,impor,90
papua,provinsi,90
bahan,makan,89
banding,harga,89
banding,petani,89
barang,tani,89
biaya,konsumsi,89
biaya,produksi,89
daya,desa,89
daya,tukar,89
desa,petani,89
giling,medium,89
jasa,konsumsi,89
minum,tembakau,89
petani,salah,89
produk,tani,89
riil,turun,89
angkut,naik,88
garis,miskin,88
harga,inflasi,88
indikator,salah,88
produk,trade,88
terms,trade,88
terms,tukar,88
deflasi,tinggi,87
indikator,tingkat,87
komoditas,naik,87
kumulatif,turun,87
negara,provinsi,87
besar,kelompok,86
golong,guna,86
konstruksi,naik,86
amerika,susul,85
bahan,kelompok,85
nilai,turun,85
barang,guna,84
migas,nilai,84
naik,ntup,84
ikrt,tangga,83
domestik,udara,82
periode,wisman,82
provinsi,tingkat,82
bawang,merah,81
hutan,tani,81
kecil,mikro,81
capai,tinggi,80
empat,minggu,80
hutan,ikan,80
manufaktur,mikro,80
penduduk,persentase,80
poin,tingkat,80
bintang,turun,79
dasar,harga,79
deflasi,inflasi,79
gabah,transaksi,79
impor,thailand,79
jepang,thailand,79
kumulatif,kunjung,79
sektor,tambang,79
bintang,indonesia,78
jepang,kontribusi,78
jual,transaksi,78
produksi,turun,78
bahan,konsumsi,77
naik,tani,77
provinsi,transaksi,77
alas,kaki,76
hotel,poin,76
impor,timur,75
ayam,daging,74
ekspor,eropa,74
kunjung,periode,74
nonmigas,sektor,74
industri,jenis,73
kurs,rendah,73
nusa,tenggara,73
gabah,jual,72
gabah,panen,72
gabah,provinsi,72
harga,ubah,72
kualitas,petani,72
petani,provinsi,72
ikut,jawa,71
inflasi,provinsi,71
pulau,sumatera,71
kualitas,turun,70
provinsi,riau,70
amerika,minggu,69
naik,nilai,69
tingkat,uang,69
awat,pribadi,68
jasa,pribadi,68
awat,kelompok,67
bisnis,triwulan,67
ikrt,indonesia,67
keluar,konsumsi,67
panen,tingkat,67
tambang,turun,67
jepang,serikat,66
makan,sedia,66
amerika,depresiasi,65
ekonomi,tumbuh,65
eropa,impor,65
kelompok,provinsi,65
alas,pakai,64
angkut,laut,64
australia,minggu,64
bakar,rumah,64
balas,jasa,64
beli,dapat,64
dapat,upah,64
daya,gambar,64
gabah,giling,64
gambar,kerja,64
hari,terima,64
hari,upah,64
informasi,kelompok,64
jasa,kerja,64
jepang,minggu,64
kelompok,pakai,64
minum,rokok,64
naik,olah,64
rokok,tembakau,64
terima,upah,64
alat,lengkap,63
alat,pemeliharaan,63
balas,buruh,63
barat,turun,63
budaya,olahraga,63
ihpb,kalender,63
kalender,ubah,63
kelompok,lengkap,63
kelompok,rekreasi,63
kelompok,restoran,63
kelompok,sedia,63
minum,restoran,63
nasional,produksi,63
pemeliharaan,rutin,63
rumah,rutin,63
baik,barang,62
hias,permata,62
jalan,naik,62
kaki,kelompok,62
agen,grosir,61
angkat,kerja,61
bakar,kelompok,61
beras,premium,61
budaya,kelompok,61
cabai,merah,61
desa,indonesia,61
didik,rekreasi,61
impor,nilai,61
kereta,tumpang,61
komunikasi,transpor,61
provinsi,sumatera,61
harga,nonmigas,60
kelompok,transpor,60
maluku,provinsi,60
naik,riil,60
nusa,provinsi,60
bisnis,tendensi,59
euro,minggu,59
industri,sektor,59
kecil,triwulan,59
keluar,turun,59
lemak,minyak,59
olah,triwulan,59
golong,mesin,58
goreng,minyak,58
kumulatif,naik,58
laut,negeri,58
sebab,turun,58
bruto,domestik,57
domestik,produk,57
jasa,sektor,57
kalimantan,provinsi,57
kondisi,triwulan,57
kurs,tinggi,57
naik,tukar,57
ayam,telur,56
barang,naik,56
besar,industri,56
daerah,kota,56
gabah,tingkat,56
giling,provinsi,56
kereta,naik,56
migas,turun,56
dagang,indonesia,55
hektare,produksi,55
kelapa,sawit,55
tani,turun,55
asal,surplus,54
barang,tumpang,54
berangkat,negeri,54
beras,produsen,54
bintang,provinsi,54
internasional,naik,54
jagung,produksi,54
olah,turun,54
bangka,belitung,53
impor,periode,53
internasional,tumpang,53
kelompok,uang,53
lengkap,mesin,53
naik,tambang,53
padi,panen,53
akomodasi,makan,52
baja,besi,52
beras,naik,52
daerah,desa,52
akomodasi,sedia,51
barat,naik,51
berangkat,kereta,51
indonesia,surplus,50
kabupaten,kota,50
kering,pipil,50
medium,premium,50
migas,sektor,50
nasional,rendah,50
nilai,nonmigas,50
