ambang,kata,derajat,kekuatan,keantaraan,komunitas
50,naik,47,10194,0.47346618898343035,1
50,harga,20,4126,0.14642110762800417,2
50,ekspor,14,3252,0.11490520973279594,3
50,inflasi,11,1856,0.04276757725033587,4
50,kunjung,8,1532,0.019070010449320794,3
50,rumah,7,1189,0.024220032840722498,5
50,gabah,9,1463,0.057657859381997315,2
50,nominal,3,935,0.00664278250485147,6
50,besar,15,2563,0.09960441856993581,3
50,impor,14,1930,0.024705179877593672,3
50,buruh,9,1831,0.020040304523063143,6
50,kelompok,27,3006,0.17685475444096133,5
50,riil,4,711,0,6
50,provinsi,24,2602,0.10647111509180475,7
50,beras,6,943,0,2
50,petani,13,2203,0.051332288401253916,4
50,giling,12,1780,0.01768920734437976,2
50,inti,3,534,0,4
50,poin,5,872,0.015151515151515152,3
50,hari,4,701,0,6
50,makan,5,673,0.015785938199731304,5
50,ekonomi,2,320,0,3
50,produksi,10,1187,0.03216898044484252,1
50,indonesia,18,2680,0.04157336915957605,3
50,gini,1,247,0,8
50,industri,9,1282,0.0267577250335871,1
50,tinggi,10,1431,0.01929392446633826,1
50,angkut,6,774,0.0325794894760412,9
50,nonmigas,11,2400,0.029892521271831618,3
50,dagang,3,522,0,2
50,tingkat,22,3505,0.08605762054037916,4
50,barang,17,2061,0.09083445290341842,9
50,periode,8,1078,0,3
50,ihpb,8,1271,0.029519331243469175,1
50,triwulan,11,2673,0.03743095984475295,1
50,bayar,2,436,0,2
50,lapang,1,217,0,5
50,sektor,10,994,0,1
50,orang,4,873,0.015188834154351396,1
50,kerja,5,583,0.015375429168532616,6
50,hotel,5,675,0.002910882221227049,10
50,bangun,4,580,0.004105090311986864,6
50,kualitas,10,1767,0.015263472160023885,2
50,nasional,8,1278,0.0306389013285565,1
50,bintang,6,665,0.00619495447081654,10
50,kalimantan,2,241,0,7
50,tumbuh,7,1062,0.007650395581430064,1
50,beli,3,358,0.007277205553067622,4
50,didik,2,239,0,5
50,kalender,5,496,0,4
50,bahan,8,996,0.021421107628004178,5
50,konsumsi,6,670,0.009329750709061054,5
50,jawa,5,602,7.836990595611285e-4,7
50,mancanegara,2,263,0,3
50,berangkat,3,255,0.007575757575757576,1
50,miskin,2,233,7.463800567248842e-5,11
50,luas,1,144,0,2
50,kering,4,542,0.021495745633676667,2
50,konsumen,2,322,0.001567398119122257,2
50,huni,2,274,0.006344230482161517,10
50,jasa,8,733,0.01735333631885356,9
50,listrik,2,258,5.224660397074191e-4,5
50,golong,5,512,0.012725779967159278,9
50,barat,4,356,0.007501119570085087,7
50,hasil,5,726,0.012763098969995522,3
50,ntup,3,337,0,1
50,tangga,4,839,0.006232273473652784,5
50,tukar,5,585,0.014181221077772801,4
50,asean,2,238,0,7
50,bisnis,3,251,0.007762352589938797,1
50,jepang,5,410,0.037841468875951634,12
50,keluar,5,787,0.00425436632333184,5
50,level,3,340,4.478280340349306e-4,7
50,amerika,4,340,0.008098223615464995,12
50,kurs,5,460,0.007762352589938797,7
50,eropa,4,383,3.731900283624421e-5,7
50,gali,1,117,0,3
50,inap,2,226,0.007501119570085087,3
50,olahraga,2,179,3.731900283624421e-5,5
50,daya,5,536,4.851470368711748e-4,4
50,baku,2,258,2.985520226899537e-4,5
50,ecer,1,113,0,7
50,asal,3,272,0.0011195700850873264,7
50,mampu,2,227,0,4
50,banding,3,289,0,6
50,kontribusi,2,189,2.239140170174653e-4,12
50,padi,2,163,0,1
50,alat,3,235,6.344230482161516e-4,5
50,susul,2,191,0.014852963128825197,12
50,tumpang,7,781,5.971040453799074e-4,9
50,informasi,2,164,0,9
50,deflasi,3,264,0,2
50,mandor,2,190,0.006082997462307807,6
50,asing,2,189,2.239140170174653e-4,3
50,grosir,2,156,0.007762352589938797,2
50,negara,3,300,3.731900283624421e-5,7
50,jagung,2,147,4.1050903119868636e-4,1
50,sisi,3,329,1.4927601134497685e-4,1
50,tani,12,1600,0.032691446484549934,6
50,papua,1,90,0,7
50,biaya,2,178,0,1
50,desa,4,291,1.1195700850873264e-4,4
50,minum,4,487,4.478280340349306e-4,5
50,produk,3,234,0.0035453052694432003,6
50,garis,1,88,0,11
50,indikator,2,175,0,4
50,terms,2,176,0.005747126436781609,6
50,komoditas,2,218,0,2
50,kumulatif,4,327,0,3
50,konstruksi,2,233,0,6
50,nilai,5,349,0,3
50,migas,4,328,0,3
50,ikrt,2,150,0,5
50,domestik,3,196,0.007836990595611285,9
50,bawang,1,81,0,13
50,hutan,2,161,0.007762352589938797,6
50,kecil,2,140,0,1
50,capai,1,80,0,1
50,empat,1,80,0,12
50,manufaktur,3,376,0.007725033587102552,1
50,penduduk,2,225,7.463800567248842e-5,11
50,dasar,1,79,0,2
50,jual,2,150,0,2
50,alas,2,140,3.731900283624421e-5,5
50,ayam,2,130,3.731900283624421e-5,14
50,nusa,2,133,0.007762352589938797,7
50,ikut,2,187,0,7
50,pulau,3,323,0.006605463502015226,7
50,awat,2,135,7.836990595611285e-4,9
50,panen,5,479,0.007762352589938797,2
50,tambang,5,436,0.007762352589938797,3
50,australia,1,64,0,12
50,bakar,3,298,0,5
50,balas,2,127,0,9
50,dapat,2,128,0,4
50,gambar,2,128,0,4
50,rokok,2,128,0,5
50,terima,5,687,0,6
50,budaya,2,124,0,5
50,pemeliharaan,2,126,7.463800567248842e-5,5
50,baik,1,62,0,9
50,hias,1,62,0,15
50,jalan,1,62,0,1
50,kaki,2,138,0.007725033587102552,5
50,agen,1,61,0,2
50,angkat,1,61,0,6
50,cabai,1,61,0,13
50,kereta,4,266,0,9
50,komunikasi,3,287,4.1050903119868636e-4,9
50,maluku,1,60,0,7
50,euro,1,59,0,12
50,lemak,1,59,0,16
50,olah,4,403,0,1
50,goreng,1,58,0,16
50,laut,2,122,1.4927601134497685e-4,9
50,sebab,3,545,0,1
50,bruto,1,57,0,9
50,kondisi,2,182,0,1
50,daerah,2,108,0,4
50,hektare,1,55,0,1
50,kelapa,1,55,0,17
50,internasional,2,107,0,9
50,bangka,1,53,0,18
50,lengkap,3,179,0.0035453052694432003,5
50,akomodasi,2,103,0,5
50,baja,1,52,0,19
50,kabupaten,1,50,0,2
50,medium,3,307,0,2
50,wisman,4,935,0.007725033587102552,3
50,upah,10,1941,0.06784594715629198,6
50,turun,34,5760,0.132333184057322,3
50,komponen,3,738,0.008359456635318705,4
50,sehat,1,249,0,5
50,ratio,1,247,0,8
50,usaha,4,569,0.008546051649499925,5
50,klasifikasi,2,384,0,10
50,ubah,3,330,0,1
50,premium,4,441,0,2
50,timur,3,429,0.0016420361247947454,7
50,tiongkok,3,396,0.06639050604567846,12
50,wisatawan,2,310,0,3
50,modal,1,149,0,9
50,kota,5,493,0.015375429168532616,2
50,produsen,2,200,0,2
50,year,1,139,0,4
50,kamar,2,273,1.1195700850873264e-4,10
50,uang,3,257,0,9
50,transportasi,1,133,0,5
50,tembakau,3,282,0.007351843558740111,5
50,rendah,4,368,7.463800567248842e-5,7
50,serikat,2,187,2.239140170174653e-4,12
50,sandang,1,121,0,5
50,tamu,2,211,3.731900283624421e-5,3
50,rekreasi,3,240,0.007725033587102552,5
50,tolong,2,204,5.597850425436632e-4,5
50,tiga,2,222,0.007351843558740111,12
50,mesin,3,220,0.005448574414091655,5
50,udara,2,187,0.013733393043737871,9
50,sulawesi,1,103,0,7
50,tukang,2,192,3.731900283624421e-5,6
50,pemasok,2,188,0,7
50,pipil,2,143,1.1195700850873264e-4,1
50,salah,2,177,0,4
50,trade,2,176,1.1195700850873264e-4,6
50,guna,2,170,0,9
50,merah,2,142,3.731900283624421e-5,13
50,mikro,2,161,3.731900283624421e-5,1
50,minggu,5,336,0.023175100761307656,12
50,ikan,1,80,0,6
50,persentase,1,80,0,11
50,transaksi,3,234,0,2
50,thailand,2,158,0,12
50,daging,1,74,0,14
50,jenis,1,73,0,1
50,tenggara,1,73,0,7
50,sumatera,2,132,0,7
50,riau,1,70,0,7
50,pribadi,2,136,1.1195700850873264e-4,9
50,sedia,3,180,0,5
50,depresiasi,1,65,0,12
50,pakai,2,128,0,5
50,restoran,2,126,0,5
50,rutin,2,126,0.007127929541722645,5
50,permata,1,62,0,15
50,transpor,2,121,0,9
50,tendensi,1,59,0,1
50,minyak,2,117,3.731900283624421e-5,16
50,negeri,2,112,0,9
50,telur,1,56,0,14
50,sawit,1,55,0,17
50,surplus,2,104,0,7
50,belitung,1,53,0,18
50,besi,1,52,0,19
100,naik,27,8792,0.5357107182099691,1
100,harga,14,3643,0.16896413944660874,1
100,ekspor,11,2994,0.18749375686744582,2
100,inflasi,7,1521,0.047747477774448106,3
100,kunjung,5,1282,0.0319648386774548,2
100,rumah,5,1062,0.013085605833583059,4
100,gabah,3,1048,0.073419238837279,5
100,nominal,3,935,0.011087803416242133,6
100,besar,12,2327,0.0758166017380881,2
100,impor,7,1409,0.013984616921386474,2
100,buruh,8,1768,0.02746978323843772,6
100,kelompok,12,2026,0.114474078513635,4
100,riil,2,562,0,6
100,provinsi,9,1568,0.11287583657976226,7
100,beras,3,776,0,5
100,petani,8,1792,0.05898511637199081,1
100,giling,8,1473,0.011387473778843273,5
100,inti,2,440,0,3
100,poin,3,716,0.02557187094196384,2
100,hari,2,573,0,6
100,makan,2,466,0.012885825591848966,4
100,ekonomi,1,255,0,2
100,produksi,5,848,0.02317450804115473,7
100,indonesia,9,1985,0.018679452602137648,2
100,gini,1,247,0,8
100,industri,6,1094,0.021476375986414945,7
100,tinggi,5,1013,0.0066926380980920986,7
100,angkut,3,524,0.013784836679652383,4
100,nonmigas,8,2216,0.057636599740285684,2
100,dagang,2,467,0,2
100,tingkat,12,2677,0.13934671860952952,3
100,barang,9,1433,0.10038957147138149,4
100,periode,4,771,0,2
100,ihpb,7,1208,0.0680251723104585,9
100,triwulan,6,2337,0.012086704624912596,1
100,bayar,2,436,0,1
100,lapang,1,217,0,4
100,sektor,4,578,0,1
100,orang,4,873,0.012885825591848966,1
100,kerja,2,394,0,6
100,hotel,3,505,0.02557187094196384,10
100,bangun,3,484,0.014783737888322844,6
100,kualitas,8,1625,0.026171211667166117,5
100,nasional,5,1069,0.022275496953351313,1
100,bintang,2,357,0,10
100,kalimantan,1,184,0,11
100,tumbuh,5,906,0.00399560483468185,7
100,beli,2,294,0.01278593547098192,3
100,didik,1,178,0,4
100,kalender,2,276,0,3
100,bahan,5,745,0.04934571970832085,9
100,konsumsi,2,348,0.0066926380980920986,4
100,jawa,4,531,0.05084407152132654,11
100,mancanegara,2,263,0,2
100,berangkat,1,150,0,1
100,miskin,1,145,0,12
100,luas,1,144,0,5
100,kering,3,492,0.02557187094196384,5
100,konsumen,2,322,0.001198681450404555,3
100,huni,2,274,0.05034462091699131,10
100,jasa,3,391,0.03825791629207871,4
100,listrik,2,258,0.001997802417340925,4
100,golong,3,368,0,2
100,barat,2,242,0.012885825591848966,11
100,hasil,5,726,0.02557187094196384,2
100,ntup,2,253,0,6
100,tangga,3,756,0.0033962641094795725,4
100,tukar,2,351,0.019378683448206972,1
100,asean,2,238,0.02557187094196384,13
100,bisnis,1,125,0,14
100,jepang,1,123,0,2
100,keluar,3,661,0.004894615922485266,4
100,level,2,243,9.989012086704626e-4,5
100,amerika,1,121,0,15
100,kurs,2,234,0.012885825591848966,7
100,eropa,2,244,0.012885825591848966,13
100,gali,1,117,0,2
100,inap,2,226,0.012885825591848966,2
100,olahraga,1,116,0,16
100,daya,2,294,9.989012086704625e-5,3
100,baku,2,258,0.012885825591848966,9
100,ecer,1,113,0,7
100,asal,2,218,0.008990110878034162,11
100,mampu,2,227,0,3
100,banding,1,111,0,6
100,kontribusi,1,111,0,2
100,padi,1,110,0,7
100,alat,1,109,0,17
100,susul,1,106,0,2
100,tumpang,4,613,3.99560483468185e-4,1
100,informasi,1,100,0,4
100,wisman,3,853,0.01278593547098192,2
100,upah,6,1658,0.08830286684646889,6
100,turun,21,4860,0.09669363699930077,2
100,tani,6,1118,0.007791429427629608,6
100,sebab,1,390,0,1
100,komponen,3,738,0.014284287283987614,3
100,minum,1,271,0,4
100,sehat,1,249,0,4
100,ratio,1,247,0,8
100,olah,1,226,0,7
100,usaha,3,471,0.013185495954450104,4
100,terima,3,559,0,1
100,klasifikasi,2,384,0,10
100,ubah,1,195,0,9
100,premium,2,330,0,5
100,manufaktur,2,296,0,7
100,timur,2,354,0.012885825591848966,11
100,bakar,1,173,0,9
100,medium,1,168,0,5
100,tiongkok,3,396,0.025671761062830888,2
100,wisatawan,2,310,0,2
100,modal,1,149,0,4
100,kota,2,289,0,3
100,konstruksi,1,147,0,6
100,produsen,1,146,0,1
100,penduduk,1,145,0,12
100,panen,2,287,0.012885825591848966,5
100,year,1,139,0,3
100,migas,1,138,0,2
100,kamar,2,273,0.038058136050344624,10
100,uang,1,135,0,4
100,transportasi,1,133,0,4
100,komoditas,1,131,0,1
100,tembakau,1,129,0,4
100,pulau,2,252,0.05294176405953451,7
100,komunikasi,2,226,0.012885825591848966,4
100,kondisi,1,125,0,14
100,rendah,2,245,1.997802417340925e-4,5
100,serikat,1,121,0,15
100,sandang,1,121,0,4
100,tambang,2,237,0.012885825591848966,2
100,negara,1,119,0,13
100,sisi,2,238,1.997802417340925e-4,7
100,tamu,1,117,0,2
100,ikut,1,116,0,11
100,rekreasi,1,116,0,16
100,tolong,1,113,0,9
100,tiga,2,222,0.012885825591848966,2
100,mesin,1,109,0,17
100,udara,1,105,0,4
100,kumulatif,1,103,0,2
100,sulawesi,1,103,0,7
200,naik,18,7513,0.5111917725347852,1
200,harga,7,2680,0.18844525105868118,2
200,ekspor,7,2549,0.11978221415607986,3
200,inflasi,2,840,0.0544464609800363,4
200,kunjung,2,832,0.021778584392014518,5
200,rumah,1,504,0,6
200,gabah,3,1048,0.0544464609800363,2
200,nominal,2,762,0.07985480943738657,7
200,besar,4,1258,0.004234724742891712,3
200,impor,2,652,0,3
200,buruh,2,707,0.027828191167574106,7
200,kelompok,2,668,6.049606775559589e-4,8
200,riil,1,363,0,7
200,provinsi,2,721,0,3
200,beras,2,594,0,2
200,petani,5,1395,0.03297035692679976,2
200,giling,3,823,0,4
200,inti,1,319,0,4
200,poin,2,607,0,3
200,hari,2,573,0.0544464609800363,7
200,makan,1,271,0,9
200,ekonomi,1,255,0,3
200,produksi,2,496,0.0544464609800363,10
200,indonesia,5,1355,0.032667876588021776,3
200,gini,1,247,0,11
200,industri,2,473,0.027828191167574106,10
200,tinggi,2,575,0.10405323653962492,10
200,angkut,1,234,0,3
200,nonmigas,4,1693,0.0205686630369026,3
200,dagang,2,467,0,2
200,tingkat,5,1649,0.07985480943738657,4
200,barang,2,456,0.027828191167574106,3
200,periode,3,648,0,3
200,ihpb,2,452,0,3
200,triwulan,3,1909,0.027828191167574106,1
200,bayar,2,436,0,2
200,lapang,1,217,0,12
200,sektor,1,209,0,1
200,orang,2,550,0,1
200,wisman,2,748,0.0012099213551119178,5
200,tangga,1,504,0,6
200,kualitas,2,741,0.0012099213551119178,2
200,upah,3,1172,0.1294615849969752,7
200,turun,14,3871,0.047186932849364795,3
200,nasional,1,436,0,1
200,tani,1,420,0,7
200,keluar,1,419,0,8
200,sebab,1,390,0,1
200,komponen,2,615,0.027828191167574106,4
200,minum,1,271,0,9
200,sehat,1,249,0,8
200,tumbuh,2,493,0.07985480943738657,10
200,ratio,1,247,0,11
200,kering,1,246,0,2
200,hasil,1,240,0,3
200,olah,1,226,0,10
200,tukar,1,225,0,2
200,usaha,1,217,0,12
200,terima,2,432,0,2
