subjek,kata_dasar,n,tf,idf,tf_idf
Aktivitas Politik dan Komunitas Lainnya,demokrasi,42,0.04838709677419355,3.091042453358316,0.14956657032378948
Aktivitas Politik dan Komunitas Lainnya,ipak,46,0.052995391705069124,1.992430164690206,0.10558961702275285
Aktivitas Politik dan Komunitas Lainnya,korupsi,42,0.04838709677419355,1.992430164690206,0.09640791119468739
Aktivitas Politik dan Komunitas Lainnya,masyarakat,47,0.05414746543778802,1.4816045409242156,0.08022513067216375
Aktivitas Politik dan Komunitas Lainnya,anti,34,0.03917050691244239,1.992430164690206,0.07804449953855645
Aktivitas Politik dan Komunitas Lainnya,perilaku,20,0.02304147465437788,1.992430164690206,0.04590852914032733
Aktivitas Politik dan Komunitas Lainnya,persepsi,19,0.021889400921658985,1.992430164690206,0.04361310268331096
Aktivitas Politik dan Komunitas Lainnya,review,12,0.013824884792626729,3.091042453358316,0.042733305806796996
Aktivitas Politik dan Komunitas Lainnya,aspek,14,0.016129032258064516,2.3978952727983707,0.038675730206425334
Aktivitas Politik dan Komunitas Lainnya,usia,19,0.021889400921658985,1.7047480922384253,0.03731591446144018
Aktivitas Politik dan Komunitas Lainnya,lembaga,12,0.013824884792626729,2.3978952727983707,0.03315062589122172
Aktivitas Politik dan Komunitas Lainnya,alam,19,0.021889400921658985,1.4816045409242156,0.03243143580364066
Aktivitas Politik dan Komunitas Lainnya,berperilaku,14,0.016129032258064516,1.992430164690206,0.03213597039822913
Aktivitas Politik dan Komunitas Lainnya,bebas,8,0.009216589861751152,3.091042453358316,0.028488870537864665
Aktivitas Politik dan Komunitas Lainnya,politik,8,0.009216589861751152,3.091042453358316,0.028488870537864665
Biaya Tenaga Kerja,upah,1113,0.18772136953955135,2.3978952727983707,0.45013618462212623
Biaya Tenaga Kerja,buruh,870,0.14673638050261426,2.3978952727983707,0.3518584731547617
Biaya Tenaga Kerja,nominal,476,0.08028335301062574,2.3978952727983707,0.1925110726685823
Biaya Tenaga Kerja,hari,351,0.05920053972002024,3.091042453358316,0.1829913815363078
Biaya Tenaga Kerja,riil,369,0.06223646483386743,2.3978952727983707,0.14923652482081276
Biaya Tenaga Kerja,tani,421,0.07100691516275932,1.1451323043030026,0.0813123123817784
Biaya Tenaga Kerja,terima,128,0.02158880080958003,2.3978952727983707,0.05176768340667759
Biaya Tenaga Kerja,mandor,96,0.01619160060718502,3.091042453358316,0.05004892486463119
Biaya Tenaga Kerja,tukang,96,0.01619160060718502,3.091042453358316,0.05004892486463119
Biaya Tenaga Kerja,kerja,258,0.043514926631809746,1.1451323043030026,0.04983034820546039
Biaya Tenaga Kerja,banding,111,0.018721538202057682,2.3978952727983707,0.04489228795422823
Biaya Tenaga Kerja,balas,64,0.010794400404790015,3.091042453358316,0.033365949909754125
Biaya Tenaga Kerja,bangun,191,0.0322145387080452,1.0116009116784799,0.032588256726360204
Biaya Tenaga Kerja,beli,64,0.010794400404790015,2.3978952727983707,0.025883841703338795
Biaya Tenaga Kerja,daya,64,0.010794400404790015,2.3978952727983707,0.025883841703338795
Budaya,haji,6,0.13953488372093023,2.3978952727983707,0.3345900380648889
Budaya,jemaah,5,0.11627906976744186,2.3978952727983707,0.27882503172074075
Budaya,kepuasan,3,0.06976744186046512,1.992430164690206,0.13900675567606088
Budaya,ikjhi,2,0.046511627906976744,2.3978952727983707,0.1115300126882963
Budaya,memuaskan,2,0.046511627906976744,2.3978952727983707,0.1115300126882963
Budaya,layan,2,0.046511627906976744,1.992430164690206,0.09267117045070726
Budaya,pelayanan,2,0.046511627906976744,1.992430164690206,0.09267117045070726
Budaya,survei,3,0.06976744186046512,1.2992829841302609,0.09064765005559959
Budaya,pusat,1,0.023255813953488372,2.3978952727983707,0.05576500634414815
Budaya,statistik,1,0.023255813953488372,2.3978952727983707,0.05576500634414815
Budaya,badan,1,0.023255813953488372,1.992430164690206,0.04633558522535363
Budaya,kualitas,1,0.023255813953488372,1.992430164690206,0.04633558522535363
Budaya,giat,1,0.023255813953488372,1.4816045409242156,0.034455919556377106
Budaya,pemerintah,1,0.023255813953488372,1.4816045409242156,0.034455919556377106
Budaya,salah,1,0.023255813953488372,1.4816045409242156,0.034455919556377106
Gender dan Kelompok Populasi Khusus,gender,10,0.18518518518518517,2.3978952727983707,0.4440546801478464
Gender dan Kelompok Populasi Khusus,timpang,8,0.14814814814814814,1.992430164690206,0.29517483921336385
Gender dan Kelompok Populasi Khusus,baik,4,0.07407407407407407,1.1451323043030026,0.08482461513355574
Gender dan Kelompok Populasi Khusus,dimensi,3,0.05555555555555555,1.2992829841302609,0.07218238800723671
Gender dan Kelompok Populasi Khusus,signifikan,2,0.037037037037037035,1.4816045409242156,0.054874242256452425
Gender dan Kelompok Populasi Khusus,spasial,1,0.018518518518518517,2.3978952727983707,0.04440546801478464
Gender dan Kelompok Populasi Khusus,pasar,1,0.018518518518518517,1.992430164690206,0.03689685490167048
Gender dan Kelompok Populasi Khusus,stabil,1,0.018518518518518517,1.992430164690206,0.03689685490167048
Gender dan Kelompok Populasi Khusus,tenaga,1,0.018518518518518517,1.992430164690206,0.03689685490167048
Gender dan Kelompok Populasi Khusus,turun,7,0.12962962962962962,0.25782910930209985,0.0334222919465685
Gender dan Kelompok Populasi Khusus,poin,2,0.037037037037037035,0.6931471805599453,0.02567211779851649
Gender dan Kelompok Populasi Khusus,indonesia,8,0.14814814814814814,0.14660347419187544,0.021719033213611176
Gender dan Kelompok Populasi Khusus,kerja,1,0.018518518518518517,1.1451323043030026,0.021206153783388935
Gender dan Kelompok Populasi Khusus,provinsi,2,0.037037037037037035,0.4519851237430572,0.016740189768261377
Gender dan Kelompok Populasi Khusus,besar,2,0.037037037037037035,0.3829922522561057,0.014184898231707618
Harga-Harga,harga,2235,0.058484888132932095,1.4816045409242156,0.08665147583319696
Harga-Harga,inflasi,1333,0.0348815909982991,2.3978952727983707,0.08364240216250761
Harga-Harga,ihpb,795,0.02080334947010336,3.091042453358316,0.06430403638413872
Harga-Harga,petani,1128,0.029517205285882506,1.992430164690206,0.0588109701889455
Harga-Harga,giling,904,0.023655632604998037,2.3978952727983707,0.0567237295985798
Harga-Harga,kualitas,932,0.024388329190108596,1.992430164690206,0.04859204274476703
Harga-Harga,kelompok,1619,0.042365563260499804,1.1451323043030026,0.04851417507959077
Harga-Harga,gabah,728,0.019050111212874525,2.3978952727983707,0.04568017162363506
Harga-Harga,triwulan,1190,0.031139604867198745,1.1451323043030026,0.035658967476660294
Harga-Harga,naik,3193,0.08355357843778621,0.3829922522561057,0.03200037318994493
Harga-Harga,tukar,436,0.0114091325395787,2.3978952727983707,0.027357904983385833
Harga-Harga,inti,319,0.008347507523223866,3.091042453358316,0.025802500134012897
Harga-Harga,beras,564,0.014758602642941253,1.7047480922384253,0.02515969969965908
Harga-Harga,deflasi,297,0.007771817349208426,3.091042453358316,0.024023017366149937
Harga-Harga,kalender,259,0.006777443412272668,3.091042453358316,0.020949365312568465
Hukum dan Kriminal,ipak,6,0.10344827586206896,1.992430164690206,0.20611346531277994
Hukum dan Kriminal,masyarakat,6,0.10344827586206896,1.4816045409242156,0.1532694352680223
Hukum dan Kriminal,korupsi,3,0.05172413793103448,1.992430164690206,0.10305673265638997
Hukum dan Kriminal,persepsi,3,0.05172413793103448,1.992430164690206,0.10305673265638997
Hukum dan Kriminal,slta,3,0.05172413793103448,1.7047480922384253,0.0881766254606082
Hukum dan Kriminal,alam,3,0.05172413793103448,1.4816045409242156,0.07663471763401115
Hukum dan Kriminal,anti,2,0.034482758620689655,1.992430164690206,0.06870448843759332
Hukum dan Kriminal,antikorupsi,2,0.034482758620689655,1.992430164690206,0.06870448843759332
Hukum dan Kriminal,berperilaku,2,0.034482758620689655,1.992430164690206,0.06870448843759332
Hukum dan Kriminal,perilaku,2,0.034482758620689655,1.992430164690206,0.06870448843759332
Hukum dan Kriminal,dimensi,3,0.05172413793103448,1.2992829841302609,0.0672042922825997
Hukum dan Kriminal,dekat,2,0.034482758620689655,1.7047480922384253,0.058784416973738804
Hukum dan Kriminal,permisif,1,0.017241379310344827,1.992430164690206,0.03435224421879666
Hukum dan Kriminal,berpendidikan,1,0.017241379310344827,1.7047480922384253,0.029392208486869402
Hukum dan Kriminal,poin,2,0.034482758620689655,0.6931471805599453,0.02390162691586018
"Ilmu Pengetahuan, Teknologi, dan Inovasi",subindeks,30,0.08571428571428572,3.091042453358316,0.2649464960021414
"Ilmu Pengetahuan, Teknologi, dan Inovasi",teknologi,17,0.04857142857142857,3.091042453358316,0.1501363477345468
"Ilmu Pengetahuan, Teknologi, dan Inovasi",bangun,34,0.09714285714285714,1.0116009116784799,0.09826980284876662
"Ilmu Pengetahuan, Teknologi, dan Inovasi",informasi,17,0.04857142857142857,1.4816045409242156,0.07196364913060475
"Ilmu Pengetahuan, Teknologi, dan Inovasi",komunikasi,17,0.04857142857142857,1.4816045409242156,0.07196364913060475
"Ilmu Pengetahuan, Teknologi, dan Inovasi",ahli,8,0.022857142857142857,3.091042453358316,0.07065239893390436
"Ilmu Pengetahuan, Teknologi, dan Inovasi",akses,8,0.022857142857142857,3.091042453358316,0.07065239893390436
"Ilmu Pengetahuan, Teknologi, dan Inovasi",wilayah,18,0.05142857142857143,1.2992829841302609,0.06682026775527056
"Ilmu Pengetahuan, Teknologi, dan Inovasi",infrastruktur,8,0.022857142857142857,2.3978952727983707,0.0548090348068199
"Ilmu Pengetahuan, Teknologi, dan Inovasi",standar,8,0.022857142857142857,2.3978952727983707,0.0548090348068199
"Ilmu Pengetahuan, Teknologi, dan Inovasi",guna,11,0.03142857142857143,1.7047480922384253,0.053577797184636226
"Ilmu Pengetahuan, Teknologi, dan Inovasi",digital,6,0.017142857142857144,3.091042453358316,0.052989299200428275
"Ilmu Pengetahuan, Teknologi, dan Inovasi",kombinasi,5,0.014285714285714285,3.091042453358316,0.04415774933369023
"Ilmu Pengetahuan, Teknologi, dan Inovasi",senjang,5,0.014285714285714285,3.091042453358316,0.04415774933369023
"Ilmu Pengetahuan, Teknologi, dan Inovasi",cermin,6,0.017142857142857144,2.3978952727983707,0.04110677610511493
Kependudukan dan Migrasi,penduduk,9,0.23076923076923078,1.1451323043030026,0.2642613009930006
Kependudukan dan Migrasi,sensus,3,0.07692307692307693,2.3978952727983707,0.1844534825229516
Kependudukan dan Migrasi,hasil,5,0.1282051282051282,1.0116009116784799,0.12969242457416408
Kependudukan dan Migrasi,catat,2,0.05128205128205128,1.4816045409242156,0.07597972004739567
Kependudukan dan Migrasi,bayi,1,0.02564102564102564,2.3978952727983707,0.06148449417431719
Kependudukan dan Migrasi,lambat,1,0.02564102564102564,2.3978952727983707,0.06148449417431719
Kependudukan dan Migrasi,tambah,1,0.02564102564102564,1.992430164690206,0.05108795294077451
Kependudukan dan Migrasi,hidup,1,0.02564102564102564,1.7047480922384253,0.043711489544575
Kependudukan dan Migrasi,level,1,0.02564102564102564,1.7047480922384253,0.043711489544575
Kependudukan dan Migrasi,luas,1,0.02564102564102564,1.7047480922384253,0.043711489544575
Kependudukan dan Migrasi,angka,2,0.05128205128205128,0.7884573603642703,0.040433710787911296
Kependudukan dan Migrasi,total,1,0.02564102564102564,1.4816045409242156,0.037989860023697836
Kependudukan dan Migrasi,wilayah,1,0.02564102564102564,1.2992829841302609,0.03331494831103233
Kependudukan dan Migrasi,tumbuh,1,0.02564102564102564,0.8938178760220965,0.022918407077489652
Kependudukan dan Migrasi,jawa,1,0.02564102564102564,0.7884573603642703,0.020216855393955648
"Kondisi Tempat Tinggal, Kemiskinan, dan Permasalahan Sosial Lintas Sektor",miskin,259,0.07368421052631578,3.091042453358316,0.2277610228790338
"Kondisi Tempat Tinggal, Kemiskinan, dan Permasalahan Sosial Lintas Sektor",gini,185,0.05263157894736842,3.091042453358316,0.16268644491359557
"Kondisi Tempat Tinggal, Kemiskinan, dan Permasalahan Sosial Lintas Sektor",ratio,185,0.05263157894736842,3.091042453358316,0.16268644491359557
"Kondisi Tempat Tinggal, Kemiskinan, dan Permasalahan Sosial Lintas Sektor",orang,204,0.058036984352773824,1.4816045409242156,0.08598785955861735
"Kondisi Tempat Tinggal, Kemiskinan, dan Permasalahan Sosial Lintas Sektor",garis,88,0.02503556187766714,3.091042453358316,0.07738598460754817
"Kondisi Tempat Tinggal, Kemiskinan, dan Permasalahan Sosial Lintas Sektor",penduduk,198,0.05633001422475107,1.1451323043030026,0.06450531899061011
"Kondisi Tempat Tinggal, Kemiskinan, dan Permasalahan Sosial Lintas Sektor",daerah,112,0.031863442389758176,1.4816045409242156,0.04720902093414285
"Kondisi Tempat Tinggal, Kemiskinan, dan Permasalahan Sosial Lintas Sektor",keluar,80,0.02275960170697013,1.992430164690206,0.04534691697730199
"Kondisi Tempat Tinggal, Kemiskinan, dan Permasalahan Sosial Lintas Sektor",timpang,75,0.021337126600284494,1.992430164690206,0.04251273466622061
"Kondisi Tempat Tinggal, Kemiskinan, dan Permasalahan Sosial Lintas Sektor",persentase,75,0.021337126600284494,1.4816045409242156,0.03161318366125637
"Kondisi Tempat Tinggal, Kemiskinan, dan Permasalahan Sosial Lintas Sektor",desa,87,0.024751066856330012,1.1451323043030026,0.02834324622314686
"Kondisi Tempat Tinggal, Kemiskinan, dan Permasalahan Sosial Lintas Sektor",rumah,64,0.018207681365576104,1.4816045409242156,0.026976583390938776
"Kondisi Tempat Tinggal, Kemiskinan, dan Permasalahan Sosial Lintas Sektor",manusia,26,0.007396870554765292,3.091042453358316,0.022864040906775594
"Kondisi Tempat Tinggal, Kemiskinan, dan Permasalahan Sosial Lintas Sektor",kota,88,0.02503556187766714,0.8938178760220965,0.022377232742516216
"Kondisi Tempat Tinggal, Kemiskinan, dan Permasalahan Sosial Lintas Sektor",tangga,49,0.013940256045519203,1.4816045409242156,0.0206539466586875
Konsumsi dan Pendapatan,dagang,110,0.10377358490566038,1.4816045409242156,0.15375141462421105
Konsumsi dan Pendapatan,distribusi,38,0.035849056603773584,2.3978952727983707,0.08596228336446989
Konsumsi dan Pendapatan,merah,52,0.04905660377358491,1.7047480922384253,0.0836291516947152
Konsumsi dan Pendapatan,pola,28,0.026415094339622643,3.091042453358316,0.08165017801323854
Konsumsi dan Pendapatan,ayam,46,0.04339622641509434,1.7047480922384253,0.07397963419147882
Konsumsi dan Pendapatan,produsen,31,0.029245283018867925,2.3978952727983707,0.07012712590259386
Konsumsi dan Pendapatan,goreng,29,0.027358490566037737,2.3978952727983707,0.0656027951992007
Konsumsi dan Pendapatan,beras,40,0.03773584905660377,1.7047480922384253,0.06433011668824246
Konsumsi dan Pendapatan,daging,39,0.03679245283018868,1.7047480922384253,0.0627218637710364
Konsumsi dan Pendapatan,konsumen,39,0.03679245283018868,1.7047480922384253,0.0627218637710364
Konsumsi dan Pendapatan,ecer,35,0.0330188679245283,1.7047480922384253,0.056288852102212156
Konsumsi dan Pendapatan,minyak,29,0.027358490566037737,1.992430164690206,0.05450988186416602
Konsumsi dan Pendapatan,cabai,26,0.024528301886792454,1.992430164690206,0.04887092856787298
Konsumsi dan Pendapatan,distributor,15,0.014150943396226415,3.091042453358316,0.04374116679280636
Konsumsi dan Pendapatan,bawang,26,0.024528301886792454,1.7047480922384253,0.0418145758473576
Neraca Ekonomi,ekonomi,281,0.05859049207673061,1.4816045409242156,0.08680793911586834
Neraca Ekonomi,sisi,237,0.049416180150125104,1.7047480922384253,0.08424213883663612
Neraca Ekonomi,tumbuh,451,0.09403669724770643,0.8938178760220965,0.08405168100207788
Neraca Ekonomi,keluar,187,0.0389908256880734,1.992430164690206,0.0776864972470952
Neraca Ekonomi,triwulan,323,0.06734778982485405,1.1451323043030026,0.07712212975184943
Neraca Ekonomi,kontraksi,79,0.0164720600500417,3.091042453358316,0.0509158369089464
Neraca Ekonomi,lapang,134,0.02793994995829858,1.4816045409242156,0.04139595673141053
Neraca Ekonomi,bruto,64,0.013344453711426188,3.091042453358316,0.04124827293889329
Neraca Ekonomi,komponen,130,0.027105921601334446,1.4816045409242156,0.0401602565304729
Neraca Ekonomi,usaha,137,0.028565471226021686,1.2992829841302609,0.03711463069763256
Neraca Ekonomi,produksi,119,0.02481234361968307,1.2992829841302609,0.032238255861447254
Neraca Ekonomi,berlaku,45,0.009382819015846538,3.091042453358316,0.029002691910159344
Neraca Ekonomi,pulau,153,0.03190158465387823,0.7884573603642703,0.025153039227634143
Neraca Ekonomi,harga,79,0.0164720600500417,1.4816045409242156,0.024405078968518144
Neraca Ekonomi,jasa,81,0.01688907422852377,1.2992829841302609,0.02194368676283385
Pariwisata,kunjung,969,0.1669538249483115,1.992430164690206,0.33264383693742416
Pariwisata,wisman,462,0.07960027567195038,1.992430164690206,0.1585979903664499
Pariwisata,bintang,292,0.05031013094417643,1.992430164690206,0.10023942248269128
Pariwisata,hotel,301,0.05186078566505858,1.7047480922384253,0.08840957542449449
Pariwisata,wisatawan,177,0.030496209510682288,1.992430164690206,0.06076156773779574
Pariwisata,mancanegara,142,0.02446588559614059,1.992430164690206,0.04874656846761014
Pariwisata,klasifikasi,156,0.026878015161957272,1.7047480922384253,0.04582024507050213
Pariwisata,huni,113,0.01946933149552033,1.992430164690206,0.038791283358027784
Pariwisata,kamar,113,0.01946933149552033,1.992430164690206,0.038791283358027784
Pariwisata,poin,307,0.05289455547898001,0.6931471805599453,0.0366637119972266
Pariwisata,asing,85,0.014645072363886975,2.3978952727983707,0.035117349791154634
Pariwisata,inap,98,0.016884906960716747,1.992430164690206,0.033641997956519676
Pariwisata,tamu,94,0.016195727084769126,1.992430164690206,0.03226885518278418
Pariwisata,naik,466,0.080289455547898,0.3829922522561057,0.030750239412705938
Pariwisata,jalan,110,0.018952446588559616,1.1451323043030026,0.021703058834136854
Pembangunan Berkelanjutan,desa,35,0.21604938271604937,1.1451323043030026,0.2474051274728709
Pembangunan Berkelanjutan,lurah,11,0.06790123456790123,3.091042453358316,0.20988559868482393
Pembangunan Berkelanjutan,podes,10,0.06172839506172839,3.091042453358316,0.1908050897134763
Pembangunan Berkelanjutan,camat,6,0.037037037037037035,3.091042453358316,0.11448305382808577
Pembangunan Berkelanjutan,dimensi,9,0.05555555555555555,1.2992829841302609,0.07218238800723671
Pembangunan Berkelanjutan,wilayah,5,0.030864197530864196,1.2992829841302609,0.04010132667068706
Pembangunan Berkelanjutan,pelayanan,3,0.018518518518518517,1.992430164690206,0.03689685490167048
Pembangunan Berkelanjutan,data,4,0.024691358024691357,1.4816045409242156,0.036582828170968286
Pembangunan Berkelanjutan,potensi,4,0.024691358024691357,1.4816045409242156,0.036582828170968286
Pembangunan Berkelanjutan,administrasi,3,0.018518518518518517,1.7047480922384253,0.031569409115526394
Pembangunan Berkelanjutan,hasil,5,0.030864197530864196,1.0116009116784799,0.03122225036044691
Pembangunan Berkelanjutan,infrastruktur,2,0.012345679012345678,2.3978952727983707,0.02960364534318976
Pembangunan Berkelanjutan,kabupaten,2,0.012345679012345678,2.3978952727983707,0.02960364534318976
Pembangunan Berkelanjutan,pemerintah,3,0.018518518518518517,1.4816045409242156,0.027437121128226213
Pembangunan Berkelanjutan,dasar,6,0.037037037037037035,0.6061358035703155,0.022449474206307978
"Perbankan, Asuransi dan Finansial",kurs,233,0.09406540169559952,3.091042453358316,0.2907601500333014
"Perbankan, Asuransi dan Finansial",minggu,233,0.09406540169559952,2.3978952727983707,0.2255589820597579
"Perbankan, Asuransi dan Finansial",level,225,0.09083568833266048,1.7047480922384253,0.15485196639226714
"Perbankan, Asuransi dan Finansial",euro,117,0.04723455793298345,3.091042453358316,0.14600402383646469
"Perbankan, Asuransi dan Finansial",amerika,162,0.06540169559951554,1.992430164690206,0.13030831113436148
"Perbankan, Asuransi dan Finansial",depresiasi,100,0.04037141703673799,3.091042453358316,0.1247897639627903
"Perbankan, Asuransi dan Finansial",jepang,123,0.04965684295518773,1.992430164690206,0.09893779178720039
"Perbankan, Asuransi dan Finansial",apresiasi,71,0.02866370609608397,3.091042453358316,0.08860073241358112
"Perbankan, Asuransi dan Finansial",ecer,114,0.046023415421881306,1.7047480922384253,0.07845832963874867
"Perbankan, Asuransi dan Finansial",empat,80,0.03229713362939039,2.3978952727983707,0.0774451440548525
"Perbankan, Asuransi dan Finansial",australia,123,0.04965684295518773,1.4816045409242156,0.07357180401036678
"Perbankan, Asuransi dan Finansial",provinsi,258,0.10415825595478401,0.4519851237430572,0.047077982206584074
"Perbankan, Asuransi dan Finansial",rendah,122,0.04925312878482035,0.6061358035703155,0.02985408479433932
"Perbankan, Asuransi dan Finansial",tiga,49,0.019781994348001614,1.4816045409242156,0.029309092654536358
"Perbankan, Asuransi dan Finansial",tukar,26,0.010496568429551878,2.3978952727983707,0.025169671817827064
Perdagangan Internasional dan Neraca Pembayaran,ekspor,1852,0.10917236500825277,1.7047480922384253,0.18611138097297591
Perdagangan Internasional dan Neraca Pembayaran,nonmigas,1232,0.07262438104220703,2.3978952727983707,0.17414565999101586
Perdagangan Internasional dan Neraca Pembayaran,impor,1133,0.06678849327988681,1.992430164690206,0.1330714086650556
Perdagangan Internasional dan Neraca Pembayaran,nilai,275,0.016210799339778353,2.3978952727983707,0.03887179910513746
Perdagangan Internasional dan Neraca Pembayaran,barang,607,0.035781655269983496,1.0116009116784799,0.03619675509248039
Perdagangan Internasional dan Neraca Pembayaran,golong,352,0.020749823154916292,1.7047480922384253,0.03537322143762825
Perdagangan Internasional dan Neraca Pembayaran,eropa,231,0.013617071445413817,2.3978952727983707,0.03265231124831547
Perdagangan Internasional dan Neraca Pembayaran,migas,195,0.011494930440933741,2.3978952727983707,0.02756363936546111
Perdagangan Internasional dan Neraca Pembayaran,tiongkok,229,0.013499174722942701,1.992430164690206,0.026896162916414595
Perdagangan Internasional dan Neraca Pembayaran,jepang,204,0.01202546569205376,1.992430164690206,0.023959900589295098
Perdagangan Internasional dan Neraca Pembayaran,asean,157,0.00925489271398255,2.3978952727983707,0.022192263489114843
Perdagangan Internasional dan Neraca Pembayaran,hasil,357,0.02104456496109408,1.0116009116784799,0.021288701100519766
Perdagangan Internasional dan Neraca Pembayaran,negara,230,0.01355812308417826,1.4816045409242156,0.020087776727927942
Perdagangan Internasional dan Neraca Pembayaran,turun,1318,0.07769394010846499,0.25782910930209985,0.02003175937633622
Perdagangan Internasional dan Neraca Pembayaran,naik,852,0.05022400377269512,0.3829922522561057,0.019235404322223655
"Pertambangan, Manufaktur, Konstruksi",industri,628,0.11117011860506285,1.1451323043030026,0.12730449408785371
"Pertambangan, Manufaktur, Konstruksi",manufaktur,189,0.03345724907063197,3.091042453358316,0.10341777724990647
"Pertambangan, Manufaktur, Konstruksi",produksi,310,0.05487696937511064,1.2992829841302609,0.07130071252971869
"Pertambangan, Manufaktur, Konstruksi",tumbuh,339,0.06001062134891131,0.8938178760220965,0.053638566112850186
"Pertambangan, Manufaktur, Konstruksi",triwulan,248,0.04390157550008851,1.1451323043030026,0.050273112314948604
"Pertambangan, Manufaktur, Konstruksi",provinsi,487,0.08620994866348027,0.4519851237430572,0.03896561431454574
"Pertambangan, Manufaktur, Konstruksi",naik,554,0.09807045494777837,0.3829922522561057,0.03756022442023058
"Pertambangan, Manufaktur, Konstruksi",jenis,153,0.027084439723844927,1.2992829841302609,0.035190351667893416
"Pertambangan, Manufaktur, Konstruksi",mikro,80,0.01416179854841565,2.3978952727983707,0.033958509793568716
"Pertambangan, Manufaktur, Konstruksi",kimia,64,0.011329438838732518,2.3978952727983707,0.027166807834854968
"Pertambangan, Manufaktur, Konstruksi",barang,147,0.026022304832713755,1.0116009116784799,0.026324187292748547
"Pertambangan, Manufaktur, Konstruksi",alat,78,0.013807753584705257,1.7047480922384253,0.023538741581624566
"Pertambangan, Manufaktur, Konstruksi",obat,42,0.007434944237918215,3.091042453358316,0.022981728277756994
"Pertambangan, Manufaktur, Konstruksi",turun,484,0.08567888121791467,0.25782910930209985,0.02209050963041535
"Pertambangan, Manufaktur, Konstruksi",mesin,67,0.011860506284298106,1.7047480922384253,0.02021917546113905
"Pertanian, Kehutanan, Perikanan",padi,146,0.08618654073199528,1.992430164690206,0.1717206635447285
"Pertanian, Kehutanan, Perikanan",hektare,115,0.0678866587957497,2.3978952727983707,0.16278509821240414
"Pertanian, Kehutanan, Perikanan",produksi,212,0.12514757969303425,1.2992829841302609,0.1626021208002452
"Pertanian, Kehutanan, Perikanan",panen,133,0.07851239669421488,1.992430164690206,0.15643046747567735
"Pertanian, Kehutanan, Perikanan",luas,142,0.08382526564344746,1.7047480922384253,0.14290096168704627
"Pertanian, Kehutanan, Perikanan",kering,89,0.0525383707201889,1.992430164690206,0.10467903462658107
"Pertanian, Kehutanan, Perikanan",hektar,57,0.03364817001180637,3.091042453358316,0.10400792198431169
"Pertanian, Kehutanan, Perikanan",pipil,81,0.047815820543093274,1.992430164690206,0.09526968319947267
"Pertanian, Kehutanan, Perikanan",jagung,88,0.05194805194805195,1.7047480922384253,0.08855834245394417
"Pertanian, Kehutanan, Perikanan",beras,66,0.03896103896103896,1.7047480922384253,0.06641875684045813
"Pertanian, Kehutanan, Perikanan",kadar,37,0.021841794569067298,2.3978952727983707,0.0523743359465996
"Pertanian, Kehutanan, Perikanan",gabah,35,0.02066115702479339,2.3978952727983707,0.04954329076029692
"Pertanian, Kehutanan, Perikanan",giling,31,0.01829988193624557,2.3978952727983707,0.04388120038769155
"Pertanian, Kehutanan, Perikanan",pangan,22,0.012987012987012988,3.091042453358316,0.04014340848517294
"Pertanian, Kehutanan, Perikanan",produktivitas,17,0.010035419126328217,3.091042453358316,0.03101990655672454
Statistik Bisnis,bisnis,216,0.1134453781512605,3.091042453358316,0.3506644800028342
Statistik Bisnis,triwulan,270,0.14180672268907563,1.1451323043030026,0.16238745911859806
Statistik Bisnis,tendensi,67,0.0351890756302521,3.091042453358316,0.10877092666754579
Statistik Bisnis,optimisme,57,0.029936974789915968,3.091042453358316,0.09253646000074792
Statistik Bisnis,kondisi,151,0.07930672268907563,1.1451323043030026,0.0908166900996604
Statistik Bisnis,usaha,118,0.06197478991596639,1.2992829841302609,0.08052278998286282
Statistik Bisnis,lapang,69,0.03623949579831933,1.4816045409242156,0.05369260153559395
Statistik Bisnis,konsumen,56,0.029411764705882353,1.7047480922384253,0.05013964977171839
Statistik Bisnis,pelaku,39,0.020483193277310924,2.3978952727983707,0.049116552331479234
Statistik Bisnis,kira,29,0.01523109243697479,3.091042453358316,0.04707995333371385
Statistik Bisnis,ekonomi,52,0.0273109243697479,1.4816045409242156,0.04046398956305631
Statistik Bisnis,tingkat,146,0.07668067226890757,0.25782910930209985,0.019770509431778667
Statistik Bisnis,kategori,21,0.011029411764705883,1.4816045409242156,0.0163412265543112
Statistik Bisnis,kapasitas,10,0.005252100840336135,3.091042453358316,0.01623446666679788
Statistik Bisnis,rendah,50,0.026260504201680673,0.6061358035703155,0.01591743181644736
Statistik sektoral,pelayanan,47,0.23737373737373738,1.992430164690206,0.4729505946486853
Statistik sektoral,armuzna,12,0.06060606060606061,3.091042453358316,0.18733590626414037
Statistik sektoral,jemaah,14,0.0707070707070707,2.3978952727983707,0.16954815060190498
Statistik sektoral,haji,11,0.05555555555555555,2.3978952727983707,0.13321640404435392
Statistik sektoral,kepuasan,13,0.06565656565656566,1.992430164690206,0.13081612192410444
Statistik sektoral,armina,7,0.03535353535353535,3.091042453358316,0.10927927865408188
Statistik sektoral,katering,5,0.025252525252525252,3.091042453358316,0.07805662761005848
Statistik sektoral,tenda,5,0.025252525252525252,3.091042453358316,0.07805662761005848
Statistik sektoral,ikjhi,6,0.030303030303030304,2.3978952727983707,0.07266349311510215
Statistik sektoral,layan,4,0.020202020202020204,1.992430164690206,0.040251114438185985
Statistik sektoral,jenis,6,0.030303030303030304,1.2992829841302609,0.03937221164031094
Statistik sektoral,arab,3,0.015151515151515152,2.3978952727983707,0.03633174655755107
Statistik sektoral,memuaskan,3,0.015151515151515152,2.3978952727983707,0.03633174655755107
Statistik sektoral,saudi,3,0.015151515151515152,2.3978952727983707,0.03633174655755107
Statistik sektoral,transportasi,7,0.03535353535353535,0.8938178760220965,0.031599621879569065
Tenaga Kerja,orang,185,0.09741969457609267,1.4816045409242156,0.1443374618593891
Tenaga Kerja,buruh,91,0.047919957872564506,2.3978952727983707,0.11490704045531949
Tenaga Kerja,anggur,69,0.036334913112164295,3.091042453358316,0.11231275896878556
Tenaga Kerja,upah,82,0.04318062137967351,2.3978952727983707,0.10354260788281537
Tenaga Kerja,kerja,166,0.08741442864665613,1.1451323043030026,0.10010108610547575
Tenaga Kerja,angkat,59,0.031068983675618746,3.091042453358316,0.09603554752403404
Tenaga Kerja,buka,37,0.019483938915218536,3.091042453358316,0.06022568234558067
Tenaga Kerja,poin,127,0.06687730384412849,0.6931471805599453,0.04635581460300845
Tenaga Kerja,tpak,21,0.011058451816745656,3.091042453358316,0.03418214403397822
Tenaga Kerja,penduduk,56,0.02948920484465508,1.1451323043030026,0.03376904109582314
Tenaga Kerja,paruh,20,0.010531858873091101,3.091042453358316,0.03255442288950307
Tenaga Kerja,sektor,48,0.02527646129541864,1.1451323043030026,0.028944892367848408
Tenaga Kerja,tahun,17,0.008952080042127435,3.091042453358316,0.027671259456077603
Tenaga Kerja,covid,30,0.01579778830963665,1.7047480922384253,0.026931249482439575
Tenaga Kerja,persentase,34,0.01790416008425487,1.4816045409242156,0.0265268848822661
Tidak Berkategori,usaha,57,0.08689024390243902,1.2992829841302609,0.11289501538936718
Tidak Berkategori,tumpang,30,0.04573170731707317,1.7047480922384253,0.07796104080358653
Tidak Berkategori,orang,25,0.038109756097560975,1.4816045409242156,0.05646358768766065
Tidak Berkategori,angkut,21,0.03201219512195122,1.1451323043030026,0.03665819876579734
Tidak Berkategori,kereta,11,0.01676829268292683,1.992430164690206,0.03340965215181748
Tidak Berkategori,unit,7,0.010670731707317074,3.091042453358316,0.032983684715713744
Tidak Berkategori,year,14,0.021341463414634148,1.4816045409242156,0.03161960910508997
Tidak Berkategori,kunjung,10,0.01524390243902439,1.992430164690206,0.0303724110471068
Tidak Berkategori,berangkat,9,0.013719512195121951,1.992430164690206,0.02733516994239612
Tidak Berkategori,sensus,7,0.010670731707317074,2.3978952727983707,0.025587297118275298
Tidak Berkategori,ipak,8,0.012195121951219513,1.992430164690206,0.024297928837685442
Tidak Berkategori,naik,39,0.05945121951219512,0.3829922522561057,0.022769356460347747
Tidak Berkategori,masyarakat,9,0.013719512195121951,1.4816045409242156,0.020326891567557837
Tidak Berkategori,barang,13,0.019817073170731708,1.0116009116784799,0.02004696928631134
Tidak Berkategori,negeri,6,0.009146341463414634,1.992430164690206,0.01822344662826408
Transportasi,tumpang,440,0.10287584755669862,1.7047480922384253,0.17537740485969305
Transportasi,orang,355,0.08300210427870003,1.4816045409242156,0.12297629460558722
Transportasi,angkut,351,0.08206686930091185,1.1451323043030026,0.09397742314948654
Transportasi,kunjung,162,0.03787701660042086,1.992430164690206,0.0754673104231502
Transportasi,kereta,130,0.030395136778115502,1.992430164690206,0.06056018737660201
Transportasi,berangkat,129,0.030161328033668458,1.992430164690206,0.060094339781397374
Transportasi,barang,217,0.05073649754500818,1.0116009116784799,0.05132508717190323
Transportasi,wisman,98,0.022913256955810146,1.992430164690206,0.04565306433005382
Transportasi,naik,496,0.11596913724573299,0.3829922522561057,0.04441528106594071
Transportasi,negeri,90,0.02104278700023381,1.992430164690206,0.041926283568416774
Transportasi,internasional,104,0.0243161094224924,1.7047480922384253,0.04145284114865472
Transportasi,domestik,117,0.02735562310030395,1.4816045409242156,0.040530215405221705
Transportasi,udara,90,0.02104278700023381,1.7047480922384253,0.03587265099402812
Transportasi,hotel,68,0.01589899462239888,1.7047480922384253,0.02710378075104347
Transportasi,periode,136,0.03179798924479776,0.7884573603642703,0.025071358664844695
