tahun,domain,n_dokumen
2015,Statistik Demografi dan Sosial,5
2015,Statistik Ekonomi,104
2015,Statistik Lingkungan Hidup dan Multi-domain,5
2015,Tidak Berkategori,0
2016,Statistik Demografi dan Sosial,6
2016,Statistik Ekonomi,105
2016,Statistik Lingkungan Hidup dan Multi-domain,5
2016,Tidak Berkategori,1
2017,Statistik Demografi dan Sosial,4
2017,Statistik Ekonomi,103
2017,Statistik Lingkungan Hidup dan Multi-domain,7
2017,Tidak Berkategori,1
2018,Statistik Demografi dan Sosial,5
2018,Statistik Ekonomi,92
2018,Statistik Lingkungan Hidup dan Multi-domain,6
2018,Tidak Berkategori,0
2019,Statistik Demografi dan Sosial,5
2019,Statistik Ekonomi,89
2019,Statistik Lingkungan Hidup dan Multi-domain,5
2019,Tidak Berkategori,0
2020,Statistik Demografi dan Sosial,6
2020,Statistik Ekonomi,85
2020,Statistik Lingkungan Hidup dan Multi-domain,6
2020,Tidak Berkategori,0
2021,Statistik Demografi dan Sosial,5
2021,Statistik Ekonomi,83
2021,Statistik Lingkungan Hidup dan Multi-domain,5
2021,Tidak Berkategori,0
2022,Statistik Demografi dan Sosial,3
2022,Statistik Ekonomi,83
2022,Statistik Lingkungan Hidup dan Multi-domain,5
2022,Tidak Berkategori,0
2023,Statistik Demografi dan Sosial,3
2023,Statistik Ekonomi,70
2023,Statistik Lingkungan Hidup dan Multi-domain,5
2023,Tidak Berkategori,9
2024,Statistik Demografi dan Sosial,3
2024,Statistik Ekonomi,85
2024,Statistik Lingkungan Hidup dan Multi-domain,4
2024,Tidak Berkategori,0
2025,Statistik Demografi dan Sosial,3
2025,Statistik Ekonomi,104
2025,Statistik Lingkungan Hidup dan Multi-domain,6
2025,Tidak Berkategori,0
